value,variants
Nike,Nike
Peter England,Peter England
Soch,Soch
Reebook,Reebook
Puma,Puma
Vero moda,Vero moda
And,And
Allen solly,Allen solly
Being human,Being human
Zara,Zara
addidas,addidas
UCB,UCB
Biba,Biba
Clovia,Clovia
Gas,Gas
Guess,Guess
Tommy Hilfiger,Tommy Hilfiger
Tom Tailor,Tom Tailor
Globus,Globus
Jack & Jones,Jack & Jones
Athena,Athena
John player,John player
Only,Only
Yepme,Yepme
Wrangler,Wrangler
Lotto,Lotto
Lee Cooper,Lee Cooper
Van Heusen,Van Heusen
Woodland,Woodland
Lee,Lee
Levi's,Levi's
Park Avenue,Park Avenue
Nike,Nike
Peter England,Peter England
kiton,kiton
Reebook,Reebook
Puma,Puma
Vero moda,Vero moda
Allen solly,Allen solly
Being human,Being human
Zara,Zara
addidas,addidas
Arrow,Arrow
UCB,UCB
Gas,Gas
Guess,Guess
Tommy Hilfiger,Tommy Hilfiger
Incult,Incult
Tom Tailor,Tom Tailor
Raymond,Raymond
Globus,Globus
Jack & Jones,Jack & Jones
John player,John player
Yepme,Yepme
Wrangler,Wrangler
Lotto,Lotto
Lee Cooper,Lee Cooper
BlackBerrys,BlackBerrys
Red tape,Red tape
Van Heusen,Van Heusen
Woodland,Woodland
Mufti,Mufti
Lee,Lee
Levi's,Levi'|Levis
Park Avenue,Park Avenue
Nike,Nike
Reebook,Reebook
Puma,Puma
addidas,addidas
UCB,UCB
Gas,Gas
Tommy Hilfiger,Tommy Hilfiger
Incult,Incult
Tom Tailor,Tom Tailor
Jack & Jones,Jack & Jones
Yepme,Yepme
Lotto,Lotto
Lee Cooper,Lee Cooper
Mochi,Mochi
Van Heusen,Van Heusen
Woodland,Woodland
Levi's,Levi's|Levis
Asics,Asics
Bata,Bata
Clarks,Clarks
Columbia,Columbia
Cyke,Cyke
DC,DC
Fila,Fila
FLX,FLX
HRX,HRX
Kappa,Kappa
Lee cooper,Lee cooper
Li Ning,Li Ning
Lotto,Lotto
Mizuno,Mizuno
Nike,Nike
Power,Power
Puma,Puma
Salomon,Salomon
Skechers,Skechers
Sparx,Sparx
Spunk,Spunk
Superdry,Superdry
The North Face,The North Face
Umbro,Umbro
Vans,Vans
Vittaly,Vittaly
Wildcraft,Wildcraft
20 Dresses,20 Dresses
Addons,Addons
Adidas Neo,Adidas Neo
Adidas Originals,Adidas Originals
Aerosoles,Aerosoles
Alcott,Alcott
Aldo,Aldo
Allen Solly,Allen Solly
Anouk,Anouk
Berry Purple,Berry Purple
Blue Button,Blue Button
Bruno Manetti,Bruno Manetti
Carlton London,Carlton London
Catwalk,Catwalk
Ceriz,Ceriz
Chalk Studio,Chalk Studio
Chumbak,Chumbak
Claude Lorrain,Claude Lorrain
Cobblerz,Cobblerz
Cole Haan,Cole Haan
Columbia,Columbia
Com-Fit,Com-Fit
Crocs,Crocs
D muse by Dressberry,D muse by Dressberry
Deafoams,Deafoams
Disney,Disney
Dr. Scholl,Dr. Scholl
DressBerry,DressBerry
FabAlley,FabAlley
Fashion Masala,Fashion Masala
Fiorella,Fiorella
Flat n Heels,Flat n Heels
Flipside,Flipside
Footilicious,Footilicious
Footin,Footin
Forever 21,Forever 21
Freetoes,Freetoes
FunkyFish,FunkyFish
Get Glamr,Get Glamr
Ginger by Lifestyle,Ginger by Lifestyle
Gliders,Gliders
Globalite,Globalite
Gnist,Gnist
Guava,Guava
Havaianas,Havaianas
Hi Attitude,Hi Attitude
iLo,iLo
Inc 5,Inc 5
Intoto,Intoto
Ipanema,Ipanema
Jove,Jove
Kielz,Kielz
Klaur Melbourne,Klaur Melbourne
Knotty Derby,Knotty Derby
Kook n Keech,Kook n Keech
Kook n keech Disney,Kook n keech Disney
La Briza,La Briza
Lamere,Lamere
Lavie,Lavie
Liza,Liza
Madlove,Madlove
Marc Loire,Marc Loire
Marcha Ballerina,Marcha Ballerina
Marie Claire,Marie Claire
Marks & Spencer,Marks & Spencer
Mast & Harbour,Mast & Harbour
Melange by Lifestyle,Melange by Lifestyle
Metro,Metro
Mochi,Mochi
Mod Squad,Mod Squad
Mossimo ,Mossimo
MTV,MTV
Naturalizer,Naturalizer
Nell,Nell
New Look,New Look
Nike,Nike
Nine West,Nine West
North Star,North Star
Paprika by Lifestyle,Paprika by Lifestyle
Pavers England,Pavers England
People,People
Puma,Puma
Qupid,Qupid
Reebok Classic,Reebok Classic
Reebok,Reebok
Replay,Replay
Roadster,Roadster
Rocia,Rocia
roxy,roxy
Salt n Pepper,Salt n Pepper
Shoetopia,Shoetopia
Skechers,Skechers
Soft & Sleek,Soft & Sleek
Sole Threads,Sole Threads
Solovoga,Solovoga
Soludos,Soludos
Sparx,Sparx
Spunk,Spunk
Steve Madden,Steve Madden
Stri,Stri
Sundrops,Sundrops
Ta Chic,Ta Chic
Tao Paris,Tao Paris
TheLabelLife.com,TheLabelLife.com
Timberland,Timberland
Tresmode,Tresmode
Truffle Collection,Truffle Collection
United colors of Benetton,United colors of Benetton
Urbane,Urbane
Valiosaa,Valiosaa
Van Heusen,Van Heusen
Van Heusen Woman,Van Heusen Woman
Vaph,Vaph
Vero Couture,Vero Couture
Vero Moda,Vero Moda
Wellworth,Wellworth
Wet Blue,Wet Blue
Yatha,Yatha
Yo Jelo,Yo Jelo
Zebba,Zebba
Yepme,Yepme
Numero Uno,Numero Uno
WROGN,WROGN
Woodland,Woodland
Wonker,Wonker
White,White
Weinbrenner,Weinbrenner
Wave Walk,Wave Walk
Valentino,Valentino
tZaro,tZaro
Turtle,Turtle
Tycoon,Tycoon
Tommy Hilfiger,Tommy Hilfiger
Supra,Supra
Style Centrum,Style Centrum
Spunk,Spunk
Sir Corbett,Sir Corbett
Siciliano Shoes,Siciliano Shoes
Scotch & Soda,Scotch & Soda
Santa Monica,Santa Monica
San Frissco,San Frissco
Ruosh,Ruosh
Rockport,Rockport
Roadster,Roadster
Red Tape,Red Tape
Red Chief,Red Chief
Randier,Randier
Quiksilver,Quiksilver
Quarks,Quarks
Quads,Quads
Pureits Leathers,Pureits Leathers
Pure Play,Pure Play
Provogue,Provogue
Prolific,Prolific
Original Penguin,Original Penguin
Original Swat,Original Swat
Mr Button,Mr Button
Mochi,Mochi
Mocas,Mocas
mancini,mancini
Mactree,Mactree
Louis Philippe,Louis Philippe
kenneth cole,kenneth cole
Juan David,Juan David
Italia,Italia
Inmark,Inmark
ID,ID
Hush Puppies,Hush Puppies
Hubberholme,Hubberholme
Hirolas,Hirolas
High Sierra,High Sierra
Harvard,Harvard
Harry Hill,Harry Hill
H.E. by Mango,H.E. by Mango
Guava,Guava
Globalite,Globalite
Gliders,Gliders
Giovane K,Giovane K
Gas,Gas
Ganuchi,Ganuchi
G sports,G sports
Funku Fashion,Funku Fashion
Funk ,Funk
Froskie,Froskie
Freecultr,Freecultr
Franco Leone,Franco Leone
Forca,Forca
Footlodge,Footlodge
Footin,Footin
Fentacia,Fentacia
Engross,Engross
Egoss,Egoss
Duke,Duke
Doc & Mark,Doc & Mark
Diesel,Diesel
DC,DC
Converse,Converse
Columbia,Columbia
Code by Lifestyle,Code by Lifestyle
Clarus,Clarus
Clarks,Clarks
Capland,Capland
Capz,Capz
Buckaroo,Buckaroo
Breakbounce,Breakbounce
Boltio,Boltio
blu Frog,blu Frog
Blend,Blend
Blackberrys,Blackberrys
Big Boon,Big Boon
BCK by Buckaroo,BCK by Buckaroo
Base one one,Base one one
Bareskin,Bareskin
Bacca Bucci,Bacca Bucci
Autograph,Autograph
Arthur,Arthur
Apaache,Apaache
Antony Morato,Antony Morato
Andrew Scott,Andrew Scott
American Swan,American Swan
Alpes Martin,Alpes Martin
Aldo,Aldo
Alcott,Alcott
Alberto Toressi,Alberto Toressi
A by Arden,A by Arden