value,variants
Andheri,Andheri
Amboli,Amboli
Chakala,Chakala
Four Bungalows,Four Bungalows
JB Nagar,JB Nagar
Lokhandwala,Lokhandwala
Marol,Marol
Model Town,Model Town
Oshiwara,Oshiwara
Poonam Nagar,Poonam Nagar
Sahar,Sahar
Saki Naka,Saki Naka
Seven Bungalows,Seven Bungalows
Versova,Versova
Bandra,Bandra
Bandra Kurla Complex,Bandra Kurla Complex
Bandstand Promenade,Bandstand Promenade
Gandhi Nagar,Gandhi Nagar
Kherwadi,Kherwadi
Lands End,Lands End
Pali Hill,Pali Hill
Borivali,Borivali
Eksar Colony,Eksar Colony
Shimpoli,Shimpoli
Magathane,Magathane
Nancy Colony,Nancy Colony
Sukurwadi,Sukurwadi
Gorai,Gorai
Kora Kendra,Kora Kendra
Vazira,Vazira
Babhai,Babhai
Chikuwadi,Chikuwadi
Dahisar,Dahisar
Goregaon,Goregaon
Aarey Milk Colony,Aarey Milk Colony
Bangur Nagar,Bangur Nagar
Gokuldham,Gokuldham
Jogeshwari,Jogeshwari
Juhu,Juhu
Kandivali,Kandivali
Charkop,Charkop
Poinsur,Poinsur
Thakur Village,Thakur Village
Mahavir Nagar,Mahavir Nagar
Khar,Khar
Malad,Malad
Dindoshi,Dindoshi
Sunder Nagar,Sunder Nagar
Santacruz,Santacruz
SEEPZ,SEEPZ
Vile Parle,Vile Parle
Irla,Irla
Eastern Suburbs,Eastern Suburbs
Bhandup,Bhandup
Ghatkopar,Ghatkopar
Amrut Nagar,Amrut Nagar
Asalfa,Asalfa
Garodia Nagar,Garodia Nagar
Jagdusha Nagar,Jagdusha Nagar
Pant Nagar,Pant Nagar
Kanjurmarg,Kanjurmarg
Kurla,Kurla
Nehru Nagar,Nehru Nagar
Mulund,Mulund
Powai,Powai
Chandivali,Chandivali
Hiranandani Gardens,Hiranandani Gardens
Indian Institute of Technology Bombay campus,Indian Institute of Technology Bombay campus
IITB,IITB
Vidyavihar,Vidyavihar
Vikhroli,Vikhroli
Gandhi Nagar,Gandhi Nagar
Kannamwar Nagar,Kannamwar Nagar
Vikhroli Park Site,Vikhroli Park Site
Harbour Suburbs,Harbour Suburbs
Chembur,Chembur
Chembur Causeway,Chembur Causeway
Dayanand Saraswati Marg,Dayanand Saraswati Marg
P L Lokhande Marg,P L Lokhande Marg
Thakkar Bappa Colony,Thakkar Bappa Colony
Govandi,Govandi
Deonar,Deonar
Mankhurd,Mankhurd
Trombay,Trombay
South Mumbai,South Mumbai
Agripada,Agripada
Altamount Road,Altamount Road
Bhuleshwar,Bhuleshwar
Breach Candy,Breach Candy
Carmichael Road,Carmichael Road
Cavel,Cavel
Churchgate,Churchgate
Cotton Green,Cotton Green
Cuffe Parade,Cuffe Parade
Cumbala Hill,Cumbala Hill
Currey Road,Currey Road
Dhobitalao,Dhobitalao
Dongri,Dongri
Kala Ghoda,Kala Ghoda
Kemps Corner,Kemps Corner
Lalbaug,Lalbaug
Lower Parel,Lower Parel
Mahalaxmi,Mahalaxmi
Mahim,Mahim
DN Nagar,DN Nagar
Malabar Hill,Malabar Hill
Marine Drive Mumbai,Marine Drive Mumbai
Marine Lines,Marine Lines
Mumbai Central,Mumbai Central
Nariman Point,Nariman Point
Prabhadevi,Prabhadevi
Sion,Sion
Walkeshwar,Walkeshwar
Worli,Worli
Antop Hill,Antop Hill
CGS colony,CGS colony
Byculla,Byculla
Dagdi Chawl,Dagdi Chawl
Ghodapdeo,Ghodapdeo
Colaba,Colaba
Navy Nagar,Navy Nagar
Dadar,Dadar
Hindu colony,Hindu colony
Parsi Colony,Parsi Colony
Fort,Fort
Ballard Estate,Ballard Estate
Girgaon,Girgaon
Khotachiwadi,Khotachiwadi
Kalbadevi,Kalbadevi
Chira Bazaar,Chira Bazaar
Fanas Wadi,Fanas Wadi
Kamathipura,Kamathipura
Chor Bazaar,Chor Bazaar
Matunga,Matunga
Kings Circle,Kings Circle
Parel,Parel
Lalbaug,Lalbaug
Tardeo,Tardeo
Gowalia Tank,Gowalia Tank
Anushakti Nagar,Anushakti Nagar
Bori Bunder,Bori Bunder
Dava Bazaar,Dava Bazaar
Dharavi,Dharavi
Gorai,Gorai
Jankalyan Nagar,Jankalyan Nagar
Kajuwadi,Kajuwadi
Koliwada,Koliwada
Koombarwara,Koombarwara
North West Delhi,North West Delhi
Adarsh Nagar,Adarsh Nagar
Ashok Vihar,Ashok Vihar
Azadpur,Azadpur
Bawana,Bawana
Begum Pur,Begum Pur
Dhaka,Dhaka
Jahangirpuri,Jahangirpuri
Karala,Karala
Keshav Puram,Keshav Puram
Kingsway Camp,Kingsway Camp
Kohat Enclave,Kohat Enclave
Model Town,Model Town
Narela,Narela
Pitam Pura,Pitam Pura
Rani Bagh,Rani Bagh
Rithala,Rithala
Rohini Sub City,Rohini Sub City
Shalimar Bagh,Shalimar Bagh
North Delhi,North Delhi
Shakti Nagar,Shakti Nagar
Bara Hindu Rao,Bara Hindu Rao
Chandni Chowk,Chandni Chowk
Chawri Bazaar,Chawri Bazaar
Civil Lines,Civil Lines
Dariba Kalan,Dariba Kalan
Fatehpuri Masjid,Fatehpuri Masjid
Ghantewala,Ghantewala
Gulabi Bagh,Gulabi Bagh
Kamla Nagar,Kamla Nagar
Kashmiri Gate,Kashmiri Gate
Kotwali,Kotwali
Lahori Gate,Lahori Gate
Moti Masjid,Moti Masjid
Nehru Vihar,Nehru Vihar
Paharganj,Paharganj
Pratap Nagar,Pratap Nagar
Pul Bangash,Pul Bangash
Roshanara Bagh,Roshanara Bagh
Sadar Bazaar,Sadar Bazaar
Sangam Vihar,Sangam Vihar
Sant Nagar,Sant Nagar
Sarai Kale Khan,Sarai Kale Khan
Sarai Rohilla,Sarai Rohilla
Shakti Nagar,Shakti Nagar
Shastri Nagar,Shastri Nagar
Tees Hazari,Tees Hazari
Timarpur,Timarpur
Wazirabad,Wazirabad
North East Delhi,North East Delhi
Babarpur,Babarpur
Dilshad Garden,Dilshad Garden
Kabir Nagar,Kabir Nagar
Mandoli,Mandoli
Maujpur,Maujpur
Nand Nagri,Nand Nagri
Naveen Shahdara,Naveen Shahdara
New Usmanpur,New Usmanpur
Sadatpur,Sadatpur
Shahdara,Shahdara
Sonia Vihar,Sonia Vihar
Shastri Park,Shastri Park
Yamuna Vihar,Yamuna Vihar
Central Delhi,Central Delhi
Chandni Chowk,Chandni Chowk
Daryaganj,Daryaganj
Jhandewalan,Jhandewalan
Karol Bagh,Karol Bagh
Bara Hindu Rao,Bara Hindu Rao
Paharganj,Paharganj
Rajender Nagar,Rajender Nagar
Sadar Bazaar,Sadar Bazaar
New Delhi,New Delhi
Barakhamba Road,Barakhamba Road
Chanakyapuri,Chanakyapuri
Connaught Place,Connaught Place
Gautampuri,Gautampuri
Gole Market,Gole Market
Golf Links,Golf Links
INA Colony,INA Colony
Khan Market,Khan Market
Laxmibai Nagar,Laxmibai Nagar
Pragati Maidan,Pragati Maidan
East Delhi,East Delhi
Brij Puri,Brij Puri
East Vinod Nagar,East Vinod Nagar
Gandhi Nagar,Gandhi Nagar
Geeta Colony,Geeta Colony
Jhilmil Colony,Jhilmil Colony
Krishna Nagar,Krishna Nagar
Laxmi Nagar,Laxmi Nagar
Mayur Vihar,Mayur Vihar
Pandav Nagar,Pandav Nagar
Patparganj,Patparganj
Preet Vihar,Preet Vihar
Anand Vihar,Anand Vihar
Shakarpur,Shakarpur
Shastri Nagar,Shastri Nagar
Silampur,Silampur
Vasundhara Enclave,Vasundhara Enclave
Vishwas Nagar,Vishwas Nagar
Vivek Vihar,Vivek Vihar
Shahdara,Shahdara
South Delhi,South Delhi
Alaknanda,Alaknanda
Chhattarpur,Chhattarpur
Chittaranjan Park,Chittaranjan Park
Dayanand Colony,Dayanand Colony
Defence Colony,Defence Colony
East of Kailash,East of Kailash
Friends Colony,Friends Colony
Govindpuri,Govindpuri
Greater Kailash,Greater Kailash
Green Park,Green Park
Gulmohar Park,Gulmohar Park
Hauz Khas,Hauz Khas
Hauz Khas Village,Hauz Khas Village
Jaitpur,Jaitpur
Jamroodpur Village,Jamroodpur Village
Jangpura,Jangpura
Jasola,Jasola
Jor Bagh,Jor Bagh
Kailash Colony,Kailash Colony
Kalkaji,Kalkaji
Khanpur,Khanpur
Khirki Village,Khirki Village
Kotla Mubarakpur,Kotla Mubarakpur
Lajpat Nagar,Lajpat Nagar
Lodi Colony,Lodi Colony
Maharani Bagh,Maharani Bagh
Malviya Nagar,Malviya Nagar
Mehrauli,Mehrauli
Neeti Bagh,Neeti Bagh
Nehru Place,Nehru Place
Netaji Nagar,Netaji Nagar
New Friends Colony,New Friends Colony
Nizamuddin West,Nizamuddin West
Okhla,Okhla
Pulpehaladpur,Pulpehaladpur
Safdarjung Enclave,Safdarjung Enclave
Sainik Farm,Sainik Farm
Saket,Saket
Sarita Vihar,Sarita Vihar
Sarojini Nagar,Sarojini Nagar
Sarvodaya Enclave,Sarvodaya Enclave
Shahpur Jat,Shahpur Jat
Siri Fort,Siri Fort
South Extension,South Extension
Sriniwaspuri,Sriniwaspuri
Sundar Nagar[1],Sundar Nagar[1]
Tughlaqabad,Tughlaqabad
Badarpur,Badarpur
South West Delhi,South West Delhi
Dakshinapuram,Dakshinapuram
Delhi Cantonment,Delhi Cantonment
Dhaula Kuan,Dhaula Kuan
Dwarka,Dwarka
Ghitorni,Ghitorni
Inderpuri,Inderpuri
Kirby Place,Kirby Place
Kishangarh Village,Kishangarh Village
Mahipalpur,Mahipalpur
Moti Bagh,Moti Bagh
Munirka,Munirka
Najafgarh,Najafgarh
Naraina,Naraina
Rama Krishna Puram,Rama Krishna Puram
Rajokri,Rajokri
Rangpuri,Rangpuri
Sadar Bazaar,Sadar Bazaar
Sarojini Nagar,Sarojini Nagar
Uttam Nagar,Uttam Nagar
Vasant Kunj,Vasant Kunj
Vasant Vihar,Vasant Vihar
West Delhi,West Delhi
Ashok Nagar,Ashok Nagar
Bali Nagar,Bali Nagar
Dashrath Puri,Dashrath Puri
Dhaula Kuan,Dhaula Kuan
Dwarka Sub City,Dwarka Sub City
Fateh Nagar,Fateh Nagar
Janakpuri,Janakpuri
Kirti Nagar,Kirti Nagar
Meera Bagh,Meera Bagh
Moti Nagar,Moti Nagar
Nehru Nagar,Nehru Nagar
Partap Nagar,Partap Nagar
Paschim Vihar,Paschim Vihar
Patel Nagar,Patel Nagar
Punjabi Bagh,Punjabi Bagh
Rajender Nagar,Rajender Nagar
Rajouri Garden,Rajouri Garden
Shivaji Place,Shivaji Place
Tihar Village,Tihar Village
Tilak Nagar,Tilak Nagar
Uttam Nagar,Uttam Nagar
Vikas Nagar,Vikas Nagar
Vikaspuri,Vikaspuri
National Capital Region,National Capital Region
BAGHPAT,BAGHPAT
Sonipat Haryana,Sonipat Haryana
Panipat Haryana,Panipat Haryana
Faridabad Haryana,Faridabad Haryana
Gurgaon Haryana,Gurgaon Haryana
Noida,Noida
Greater Noida,Greater Noida
Ghaziabad,Ghaziabad
Modinagar,Modinagar
Murad Nagar,Murad Nagar
Hapur,Hapur
Bahadurgarh Haryana,Bahadurgarh Haryana
Ballabhgarh,Ballabhgarh
Jhajjar Haryana,Jhajjar Haryana
Manesar Haryana,Manesar Haryana
Meerut,Meerut
Rewari,Rewari
Rohtak Haryana,Rohtak Haryana
Muzaffarnagar Uttar Pradesh,Muzaffarnagar Uttar Pradesh
Indira Gandhi International Airport,Indira Gandhi International Airport
New Delhi Railway Station,New Delhi Railway Station
Hazrat Nizamuddin Railway Station,Hazrat Nizamuddin Railway Station
Old Delhi Railway Station,Old Delhi Railway Station
Kashmere Gate,Kashmere Gate
Ghaziabad,Ghaziabad
Noida,Noida
Faridabad,Faridabad
Gurgaon,Gurgaon
Sonipat,Sonipat
Satara,Satara
Nidadavole,Nidadavole
Umaria,Umaria
Mangaldoi,Mangaldoi
Mudabidri,Mudabidri
Zamania,Zamania
Rapar,Rapar
Tiptur,Tiptur
Arakkonam,Arakkonam
Sopore,Sopore
Tarana,Tarana
Mangaluru,Mangaluru
guwahati,guwahati
Baharampur,Baharampur
Karur,Karur
Sahaspur,Sahaspur
Parli,Parli
Khair,Khair
Chennai,Chennai
Shahabad,Shahabad
Karimganj,Karimganj
Sahaswan,Sahaswan
jaipur,jaipur
Guntakal,Guntakal
Dhamtari,Dhamtari
Savanur,Savanur
Mahidpur,Mahidpur
Mathura,Mathura
Sainthia,Sainthia
Puthuppally,Puthuppally
Kochi,Kochi
Safipur,Safipur
Jagtial,Jagtial
Muktsar,Muktsar
Rahatgarh,Rahatgarh
Patiala,Patiala
Ahmedabad,Ahmedabad
Ratia,Ratia
Reengus,Reengus
Charkhi Dadri,Charkhi Dadri
Varanasi,Varanasi
chennai,chennai
Sugauli,Sugauli
Lalgudi,Lalgudi
Sidhpur,Sidhpur
Tirukkoyilur,Tirukkoyilur
Sadri,Sadri
Tirupathur,Tirupathur
Port Blair,Port Blair
Vedaranyam,Vedaranyam
Yavatmal,Yavatmal
Vikarabad,Vikarabad
Todabhim,Todabhim
Phagwara,Phagwara
Purwa,Purwa
Bharuch,Bharuch
Bathinda,Bathinda
Wardha,Wardha
Thiruvananthapuram,Thiruvananthapuram
Sitapur,Sitapur
Sidhi,Sidhi
Rupnagar,Rupnagar
Achhnera,Achhnera
Kanpur,Kanpur
Vyara,Vyara
Raghogarh Vijaypur,Raghogarh Vijaypur
Sandi,Sandi
Piriyapatna,Piriyapatna
Ujjain,Ujjain
Mahbubnagar,Mahbubnagar
Achalpur,Achalpur
Nongstoin,Nongstoin
Vita,Vita
Naugawan Sadat,Naugawan Sadat
Sasaram,Sasaram
Ghaziabad,Ghaziabad
Mokokchung,Mokokchung
Sonipat,Sonipat
Loni,Loni
Jind,Jind
Sohna,Sohna
Motipur,Motipur
Nawabganj,Nawabganj
Tarikere,Tarikere
Fatehpur Sikri,Fatehpur Sikri
Sujangarh,Sujangarh
Karjat,Karjat
Powayan,Powayan
Giridih,Giridih
Madhepura,Madhepura
Amritsar,Amritsar
Sanduru,Sanduru
Wanaparthy,Wanaparthy
Cherthala,Cherthala
Hardwar,Hardwar
Umred,Umred
Simdega,Simdega
Bahraich,Bahraich
Kandukur,Kandukur
Yadgir,Yadgir
Lucknow,Lucknow
Muzaffarpur,Muzaffarpur
Rajapalayam,Rajapalayam
Rajura,Rajura
Kayamkulam,Kayamkulam
Ranibennur,Ranibennur
Wani,Wani
Nepanagar,Nepanagar
Nagapattinam,Nagapattinam
Afzalpur,Afzalpur
Meerut,Meerut
Palampur,Palampur
Attingal,Attingal
Batala,Batala
Rajaldesar,Rajaldesar
Ladnu,Ladnu
Pithoragarh,Pithoragarh
Malpura,Malpura
Palladam,Palladam
Padra,Padra
Mangrulpir,Mangrulpir
Partur,Partur
Nahan,Nahan
Ladwa,Ladwa
Amalapuram,Amalapuram
Pilibhit,Pilibhit
Najibabad,Najibabad
Maihar,Maihar
Unjha,Unjha
Patti,Patti
Sikanderpur,Sikanderpur
Tirwaganj,Tirwaganj
Chalakudy,Chalakudy
Shahdol,Shahdol
Siliguri,Siliguri
Shamli,Shamli
Sardarshahar,Sardarshahar
Pandharpur,Pandharpur
Kathua,Kathua
Savner,Savner
Modinagar,Modinagar
Thiruthuraipoondi,Thiruthuraipoondi
Gokak,Gokak
Ichalkaranji,Ichalkaranji
lucknow,lucknow
Baripada Town,Baripada Town
Patratu,Patratu
Dharmavaram,Dharmavaram
Mhowgaon,Mhowgaon
Pali,Pali
Ottappalam,Ottappalam
Anand,Anand
Chittur Thathamangalam,Chittur Thathamangalam
Tindivanam,Tindivanam
Thirumangalam,Thirumangalam
Nuzvid,Nuzvid
Takhatgarh,Takhatgarh
Washim,Washim
Sarsod,Sarsod
Lahar,Lahar
Sanawad,Sanawad
Nandura,Nandura
Peddapuram,Peddapuram
Lakhisarai,Lakhisarai
Rau,Rau
Narasapuram,Narasapuram
Pallapatti,Pallapatti
Ranavav,Ranavav
Siruguppa,Siruguppa
Rudauli,Rudauli
Tirora,Tirora
Dibrugarh,Dibrugarh
Tulsipur,Tulsipur
Tohana,Tohana
Bhawanipatna,Bhawanipatna
Alipurduar,Alipurduar
Pukhrayan,Pukhrayan
Diphu,Diphu
Sibsagar,Sibsagar
Peravurani,Peravurani
Akot,Akot
Jhumri Tilaiya,Jhumri Tilaiya
Mankachar,Mankachar
Namakkal,Namakkal
Nakodar,Nakodar
Salur,Salur
Niwai,Niwai
Nirmal,Nirmal
Tirur,Tirur
Gohana,Gohana
Sahjanwa,Sahjanwa
Maner,Maner
Nellikuppam,Nellikuppam
New Delhi,New Delhi
Ankleshwar,Ankleshwar
Sankari,Sankari
Paramakudi,Paramakudi
Pauri,Pauri
Mainaguri,Mainaguri
Chittoor,Chittoor
Bankura,Bankura
Adoor,Adoor
Rewari,Rewari
Memari,Memari
Imphal,Imphal
ahmedabad,ahmedabad
Mudalagi,Mudalagi
Titlagarh,Titlagarh
Bapatla,Bapatla
Mahesana,Mahesana
Panchkula,Panchkula
Tura,Tura
Dehradun,Dehradun
Kozhikode,Kozhikode
Tuensang,Tuensang
Etawah,Etawah
Bhiwani,Bhiwani
Medinipur,Medinipur
Shirur,Shirur
Robertson Pet,Robertson Pet
Ujhani,Ujhani
Vinukonda,Vinukonda
Mapusa,Mapusa
Pehowa,Pehowa
Mandvi,Mandvi
Wadhwan,Wadhwan
Eluru,Eluru
Manasa,Manasa
Miryalaguda,Miryalaguda
Vidisha,Vidisha
Mahasamund,Mahasamund
Munger,Munger
Madhubani,Madhubani
Malkapur,Malkapur
Motihari,Motihari
Gopalganj,Gopalganj
Dhule,Dhule
Udaipur,Udaipur
Palai,Palai
Gooty,Gooty
Alwar,Alwar
Korba,Korba
Rajsamand,Rajsamand
Deesa,Deesa
Malegaon,Malegaon
Umarga,Umarga
Rangia,Rangia
Warhapur,Warhapur
Rampurhat,Rampurhat
Hajipur,Hajipur
Parlakhemundi,Parlakhemundi
Warud,Warud
Faridabad,Faridabad
Narsinghgarh,Narsinghgarh
Buxar,Buxar
Gurdaspur,Gurdaspur
Pattukkottai,Pattukkottai
Sanchore,Sanchore
Palwal,Palwal
kolkata,kolkata
Kurnool,Kurnool
Virar,Virar
Ganjbasoda,Ganjbasoda
Margao,Margao
Firozpur Cantt,Firozpur Cantt
Taraori,Taraori
Natham,Natham
Sendhwa,Sendhwa
Nilambur,Nilambur
Shrigonda,Shrigonda
Mahe,Mahe
Kothagudem,Kothagudem
Mungeli,Mungeli
Kakinada,Kakinada
Sundargarh,Sundargarh
Revelganj,Revelganj
Kancheepuram,Kancheepuram
Indore,Indore
Pedana,Pedana
Shirdi,Shirdi
Bagaha,Bagaha
Neemuch,Neemuch
Nagarkurnool,Nagarkurnool
Sarangpur,Sarangpur
Durg,Durg
Palghar,Palghar
Tinsukia,Tinsukia
Purna,Purna
Uravakonda,Uravakonda
Madikeri,Madikeri
Tiruvethipuram,Tiruvethipuram
Sirsi,Sirsi
Morvi,Morvi
Uttar Pradesh,Uttar Pradesh
Tekkalakote,Tekkalakote
Sirsa,Sirsa
Udupi,Udupi
Saunda,Saunda
Ranaghat,Ranaghat
Bikaner,Bikaner
Chhapra,Chhapra
Sangli,Sangli
Palitana,Palitana
Manwath,Manwath
Kovvur,Kovvur
Perambalur,Perambalur
Rohtak,Rohtak
Thiruvallur,Thiruvallur
Sankarankovil,Sankarankovil
Yemmiganur,Yemmiganur
Modasa,Modasa
Rafiganj,Rafiganj
Raghunathpur,Raghunathpur
Moga,Moga
Thanesar,Thanesar
Srikakulam,Srikakulam
Manawar,Manawar
Mahalingapura,Mahalingapura
Nelamangala,Nelamangala
Naihati,Naihati
Noida,Noida
Gudivada,Gudivada
Sadulpur,Sadulpur
Perumbavoor,Perumbavoor
Sadasivpet,Sadasivpet
"Delhi, India",Delhi
Khanna,Khanna
Mandideep,Mandideep
Tiruchengode,Tiruchengode
Tiruvannamalai,Tiruvannamalai
Tharad,Tharad
Barnala,Barnala
Shivamogga,Shivamogga
Veraval,Veraval
Sangamner,Sangamner
Vijapur,Vijapur
Ramgarh,Ramgarh
Rampur Maniharan,Rampur Maniharan
Purnia,Purnia
Niwari,Niwari
Nathdwara,Nathdwara
Sivagiri,Sivagiri
Bettiah,Bettiah
Arwal,Arwal
Saharanpur,Saharanpur
Karimnagar,Karimnagar
Mohali,Mohali
Lunawada,Lunawada
Ahmednagar,Ahmednagar
Gumia,Gumia
Vellore,Vellore
Nanded,Nanded
Malur,Malur
Lingsugur,Lingsugur
Lal Nindaura,Lal Nindaura
Narkhed,Narkhed
Forbesganj,Forbesganj
Vellakoil,Vellakoil
Madanapalle,Madanapalle
Jamui,Jamui
Warisaliganj,Warisaliganj
Shegaon,Shegaon
Nanjikottai,Nanjikottai
Naharlagun,Naharlagun
Agartala,Agartala
Talegaon Dabhade,Talegaon Dabhade
Ramagundam,Ramagundam
Nokha,Nokha
Sakaleshapura,Sakaleshapura
Kyathampalle,Kyathampalle
Lohardaga,Lohardaga
Bhainsa,Bhainsa
Robertsganj,Robertsganj
Sakti,Sakti
Mandi Dabwali,Mandi Dabwali
Panaji,Panaji
Phaltan,Phaltan
Sangareddy,Sangareddy
Phulabani,Phulabani
Pasan,Pasan
Sihor,Sihor
Valparai,Valparai
Tiruchirappalli,Tiruchirappalli
Marigaon,Marigaon
Mul,Mul
Proddatur,Proddatur
Nadiad,Nadiad
Shahade,Shahade
Pattran,Pattran
Samalkha,Samalkha
Hindupur,Hindupur
Sheoganj,Sheoganj
Uran Islampur,Uran Islampur
Thammampatti,Thammampatti
Kohima,Kohima
goa,goa
Tonk,Tonk
Karnal,Karnal
Mandla,Mandla
Mandapeta,Mandapeta
Palwancha,Palwancha
Nargund,Nargund
bhopal,bhopal
Mayang Imphal,Mayang Imphal
Panruti,Panruti
Ratangarh,Ratangarh
Dalli Rajhara,Dalli Rajhara
Dhuri,Dhuri
Faridkot,Faridkot
Sambhal,Sambhal
Marhaura,Marhaura
Keshod,Keshod
Pallikonda,Pallikonda
Unnamalaikadai,Unnamalaikadai
Pathanamthitta,Pathanamthitta
Tasgaon,Tasgaon
Masaurhi,Masaurhi
Rayachoti,Rayachoti
Sundarnagar,Sundarnagar
Venkatagiri,Venkatagiri
Tanuku,Tanuku
pune,pune
Tandur,Tandur
Tiruvuru,Tiruvuru
Reoti,Reoti
Phulpur,Phulpur
Petlad,Petlad
Mansa,Mansa
Sumerpur,Sumerpur
Malavalli,Malavalli
Rayadurg,Rayadurg
Shiggaon,Shiggaon
Kashipur,Kashipur
Panvel,Panvel
Rasra,Rasra
Paradip,Paradip
Upleta,Upleta
Sholavandan,Sholavandan
Periyakulam,Periyakulam
Bhimavaram,Bhimavaram
hyderabad,hyderabad
Asansol,Asansol
Mahnar Bazar,Mahnar Bazar
Gangarampur,Gangarampur
Narsipatnam,Narsipatnam
Mahemdabad,Mahemdabad
Rajam,Rajam
Tharamangalam,Tharamangalam
Bhadrak,Bhadrak
Khowai,Khowai
Raigarh,Raigarh
Rewa,Rewa
Sangrur,Sangrur
Bengaluru,Bengaluru
Patna,Patna
Rajgarh Churu,Rajgarh Churu
Puri,Puri
Nabarangapur,Nabarangapur
Nagercoil,Nagercoil
Vandavasi,Vandavasi
Sivakasi,Sivakasi
Erode,Erode
Nagda,Nagda
Balurghat,Balurghat
Thiruvalla,Thiruvalla
Arsikere,Arsikere
Rawatbhata,Rawatbhata
Losal,Losal
Tuni,Tuni
Jagdalpur,Jagdalpur
Safidon,Safidon
Panamattom,Panamattom
Sagar,Sagar
Aurangabad,Aurangabad
Katihar,Katihar
Rosera,Rosera
Tarbha,Tarbha
Loha,Loha
Solapur,Solapur
Machilipatnam,Machilipatnam
Tehri,Tehri
Manavadar,Manavadar
Sirsaganj,Sirsaganj
Udhagamandalam,Udhagamandalam
Amreli,Amreli
Sunabeda,Sunabeda
Mokameh,Mokameh
Saundatti Yellamma,Saundatti Yellamma
Rania,Rania
Pusad,Pusad
Thangadh,Thangadh
Madurai,Madurai
Aruppukkottai,Aruppukkottai
Manihari,Manihari
Adityapur,Adityapur
Lathi,Lathi
Jalandhar Cantt,Jalandhar Cantt
Nawapur,Nawapur
Jamalpur,Jamalpur
Bhadrachalam,Bhadrachalam
Vadipatti,Vadipatti
Vizianagaram,Vizianagaram
Srirampore,Srirampore
Jamnagar,Jamnagar
Nainital,Nainital
Kishanganj,Kishanganj
Hugli Chinsurah,Hugli Chinsurah
Guwahati,Guwahati
Shahpur,Shahpur
Sultanganj,Sultanganj
Nainpur,Nainpur
mangalore,mangalore
Murshidabad,Murshidabad
Tirukalukundram,Tirukalukundram
Sahawar,Sahawar
Vadodara,Vadodara
Manuguru,Manuguru
Jaipur,Jaipur
Talcher,Talcher
Madhugiri,Madhugiri
Tarakeswar,Tarakeswar
Punganur,Punganur
Merta City,Merta City
Lonavala,Lonavala
Pathri,Pathri
Oddanchatram,Oddanchatram
Murtijapur,Murtijapur
Pauni,Pauni
Nawanshahr,Nawanshahr
Soyagaon,Soyagaon
Ozar,Ozar
Sagara,Sagara
Phalodi,Phalodi
Tuljapur,Tuljapur
Rajgarh Alwar,Rajgarh Alwar
Sonamukhi,Sonamukhi
Nabadwip,Nabadwip
Surapura,Surapura
Pipariya,Pipariya
Lachhmangarh,Lachhmangarh
Jatani,Jatani
Rajampet,Rajampet
Shendurjana,Shendurjana
Talode,Talode
Thana Bhawan,Thana Bhawan
Porbandar,Porbandar
Hardoi,Hardoi
Pindwara,Pindwara
Virudhachalam,Virudhachalam
Sojat,Sojat
Nanjangud,Nanjangud
Sadalagi,Sadalagi
Pathardi,Pathardi
Sasvad,Sasvad
Bhubaneswar,Bhubaneswar
Karaikal,Karaikal
Rabkavi Banhatti,Rabkavi Banhatti
Nandurbar,Nandurbar
Chandausi,Chandausi
Thirupuvanam,Thirupuvanam
Azamgarh,Azamgarh
Tanda,Tanda
Narwana,Narwana
Viluppuram,Viluppuram
Kot Kapura,Kot Kapura
Sitamarhi,Sitamarhi
Amroha,Amroha
Moradabad,Moradabad
Shrirampur,Shrirampur
Malappuram,Malappuram
Thuraiyur,Thuraiyur
Santipur,Santipur
Pandharkaoda,Pandharkaoda
Nowrozabad Khodargama,Nowrozabad Khodargama
Shikaripur,Shikaripur
Ramngarh,Ramngarh
Palakkad,Palakkad
Tamluk,Tamluk
Balaghat,Balaghat
Udaipurwati,Udaipurwati
Rasipuram,Rasipuram
Arrah,Arrah
Mukerian,Mukerian
Muvattupuzha,Muvattupuzha
Bharatpur,Bharatpur
Bhagalpur,Bhagalpur
Sirkali,Sirkali
Sivaganga,Sivaganga
Patan,Patan
Todaraisingh,Todaraisingh
Cooch Behar,Cooch Behar
Viswanatham,Viswanatham
Balangir,Balangir
Panagar,Panagar
Vapi,Vapi
Hawa Jaipur,Hawa Jaipur
Salaya,Salaya
Ranipet,Ranipet
Kalyan Dombivali,Kalyan Dombivali
Nandivaram Guduvancheri,Nandivaram Guduvancheri
Nehtaur,Nehtaur
Chatra,Chatra
Pondicherry,Pondicherry
Sheopur,Sheopur
Kendujhar,Kendujhar
Shahpura,Shahpura
Mundargi,Mundargi
Chilakaluripet,Chilakaluripet
Raver,Raver
Jalandhar,Jalandhar
Taliparamba,Taliparamba
Kadiri,Kadiri
Rath,Rath
Palacole,Palacole
Bhopal,Bhopal
Narnaul,Narnaul
Rajgarh,Rajgarh
Pandua,Pandua
Lumding,Lumding
mumbai,mumbai
Sardhana,Sardhana
Solan,Solan
Deoghar,Deoghar
Shivpuri,Shivpuri
Brahmapur,Brahmapur
Rajgir,Rajgir
Adilabad,Adilabad
Pilkhuwa,Pilkhuwa
Hisar,Hisar
Pappinisseri,Pappinisseri
Obra,Obra
Valsad,Valsad
Srinagar,Srinagar
Kamareddy,Kamareddy
Ratnagiri,Ratnagiri
Ajmer,Ajmer
Kagaznagar,Kagaznagar
Bhatapara,Bhatapara
Pollachi,Pollachi
Mhow Cantonment,Mhow Cantonment
Kharagpur,Kharagpur
Gwalior,Gwalior
Mulbagal,Mulbagal
Puranpur,Puranpur
Madhya Pradesh,Madhya Pradesh
Shajapur,Shajapur
Sira,Sira
kochi,kochi
Bheemunipatnam,Bheemunipatnam
Jammu,Jammu
Puliyankudi,Puliyankudi
Jehanabad,Jehanabad
Uchgaon,Uchgaon
Firozpur,Firozpur
Kasaragod,Kasaragod
Sedam,Sedam
Shahganj,Shahganj
Samdhan,Samdhan
Goalpara,Goalpara
Mundi,Mundi
Pulgaon,Pulgaon
Thiruvarur,Thiruvarur
Uran,Uran
Davanagere,Davanagere
Pudukkottai,Pudukkottai
Ramdurg,Ramdurg
Taki,Taki
Utraula,Utraula
Adyar,Adyar
Mancherial,Mancherial
Shoranur,Shoranur
Malda,Malda
North Lakhimpur,North Lakhimpur
Rajula,Rajula
Visnagar,Visnagar
Mavoor,Mavoor
Mattannur,Mattannur
Sironj,Sironj
Phulera,Phulera
Nagaon,Nagaon
Ramanathapuram,Ramanathapuram
Murliganj,Murliganj
Shillong,Shillong
Pen,Pen
Barmer,Barmer
Raikot,Raikot
Makrana,Makrana
Jalpaiguri,Jalpaiguri
Rawatsar,Rawatsar
Makhdumpur,Makhdumpur
Dimapur,Dimapur
Sujanpur,Sujanpur
Rampur,Rampur
Rajpipla,Rajpipla
Waghala,Waghala
Kendrapara,Kendrapara
Gurgaon,Gurgaon
Purulia,Purulia
Ludhiana,Ludhiana
Jodhpur,Jodhpur
Satna,Satna
Sindhagi,Sindhagi
Khambhat,Khambhat
Belonia,Belonia
Adra,Adra
Siana,Siana
Nashik,Nashik
Kunnamkulam,Kunnamkulam
Palia Kalan,Palia Kalan
Sirohi,Sirohi
udaipur,udaipur
Sadulshahar,Sadulshahar
Mangalvedhe,Mangalvedhe
Seohara,Seohara
Polur,Polur
Kaithal,Kaithal
Sawantwadi,Sawantwadi
Bhiwandi,Bhiwandi
Pratapgarh,Pratapgarh
Sindagi,Sindagi
Kalimpong,Kalimpong
Vrindavan,Vrindavan
Kapadvanj,Kapadvanj
Bodhan,Bodhan
Lonar,Lonar
Nellore,Nellore
Fatehabad,Fatehabad
Mihijam,Mihijam
Godhra,Godhra
Hansi,Hansi
Zirakpur,Zirakpur
Morena,Morena
Padmanabhapuram,Padmanabhapuram
Usilampatti,Usilampatti
Habra,Habra
Shikohabad,Shikohabad
Sandila,Sandila
Kadapa,Kadapa
Vijayapura,Vijayapura
Tirunelveli,Tirunelveli
Talwara,Talwara
Sarni,Sarni
Prithvipur,Prithvipur
Rehli,Rehli
Singrauli,Singrauli
Thanjavur,Thanjavur
Sausar,Sausar
Tarn Taran,Tarn Taran
Thodupuzha,Thodupuzha
Aizawl,Aizawl
Saidpur,Saidpur
Bhilai Nagar,Bhilai Nagar
Jhansi,Jhansi
Koyilandy,Koyilandy
Kavali,Kavali
Sattenapalle,Sattenapalle
Samana,Samana
Ramganj Mandi,Ramganj Mandi
Udgir,Udgir
Wai,Wai
Siddipet,Siddipet
Urmar Tanda,Urmar Tanda
Seoni Malwa,Seoni Malwa
Nangal,Nangal
Tumsar,Tumsar
Barbil,Barbil
Parasi,Parasi
Shamgarh,Shamgarh
Bhilwara,Bhilwara
Punalur,Punalur
Repalle,Repalle
Mandsaur,Mandsaur
Porsa,Porsa
Saiha,Saiha
Tittakudi,Tittakudi
Srikalahasti,Srikalahasti
Varkala,Varkala
Sherkot,Sherkot
Silvassa,Silvassa
Bhavnagar,Bhavnagar
Arambagh,Arambagh
Mariani,Mariani
Suri,Suri
Zunheboto,Zunheboto
Sadabad,Sadabad
Baleshwar Town,Baleshwar Town
bengaluru,bengaluru
Tirupati,Tirupati
Warangal,Warangal
Gobichettipalayam,Gobichettipalayam
Yerraguntla,Yerraguntla
Chikkamagaluru,Chikkamagaluru
Sitarganj,Sitarganj
Virudhunagar,Virudhunagar
Tumkur,Tumkur
Tikamgarh,Tikamgarh
Nawada,Nawada
chandigarh,chandigarh
Sinnar,Sinnar
Ballari,Ballari
Begusarai,Begusarai
Shujalpur,Shujalpur
Vikramasingapuram,Vikramasingapuram
Rajauri,Rajauri
Dumka,Dumka
Sailu,Sailu
Thakurdwara,Thakurdwara
Bhuj,Bhuj
Sunam,Sunam
Parvathipuram,Parvathipuram
Sangaria,Sangaria
Hapur,Hapur
Udumalaipettai,Udumalaipettai
Gobindgarh,Gobindgarh
Osmanabad,Osmanabad
Ramanagaram,Ramanagaram
Silchar,Silchar
Savarkundla,Savarkundla
Wankaner,Wankaner
Bargarh,Bargarh
Fazilka,Fazilka
Rajakhera,Rajakhera
Chirmiri,Chirmiri
Vaikom,Vaikom
Samalkot,Samalkot
Mehkar,Mehkar
Phusro,Phusro
Rajahmundry,Rajahmundry
Manglaur,Manglaur
Shahbad,Shahbad
Neyveli,Neyveli
Sagwara,Sagwara
Margherita,Margherita
Kadi,Kadi
Sri Madhopur,Sri Madhopur
Sankeshwara,Sankeshwara
Kanhangad,Kanhangad
Umarkhed,Umarkhed
Ponnani,Ponnani
Nohar,Nohar
Rameshwaram,Rameshwaram
Uthiramerur,Uthiramerur
Terdal,Terdal
Mandamarri,Mandamarri
Tharangambadi,Tharangambadi
Kottayam,Kottayam
Prantij,Prantij
Jagraon,Jagraon
Nadbai,Nadbai
Adalaj,Adalaj
Panagudi,Panagudi
Maharajganj,Maharajganj
Araria,Araria
Thrissur,Thrissur
Yawal,Yawal
Malout,Malout
Dumraon,Dumraon
Ramtek,Ramtek
Sidlaghatta,Sidlaghatta
Zira,Zira
Rayagada,Rayagada
Tenkasi,Tenkasi
Bhabua,Bhabua
Bokaro City,Bokaro City
Soro,Soro
Lanka,Lanka
Tenali,Tenali
Morinda India,Morinda India
Mussoorie,Mussoorie
Sahibganj,Sahibganj
Multai,Multai
Paravoor,Paravoor
Paschim Punropara,Paschim Punropara
Chandigarh,Chandigarh
Purquazi,Purquazi
Gaya,Gaya
Coal Dhanbad,Coal Dhanbad
Vijainagar Ajmer,Vijainagar Ajmer
Panna,Panna
Udhampur,Udhampur
Bilaspur,Bilaspur
Renukoot,Renukoot
Pinjore,Pinjore
Palanpur,Palanpur
Pardi,Pardi
Talikota,Talikota
Lunglei,Lunglei
Pithampur,Pithampur
Rishikesh,Rishikesh
Mauganj,Mauganj
Ranebennuru,Ranebennuru
Mandawa,Mandawa
Sikandra Rao,Sikandra Rao
Vaniyambadi,Vaniyambadi
Kolar,Kolar
Amalner,Amalner
Vaijapur,Vaijapur
Vijaypur,Vijaypur
Naila Janjgir,Naila Janjgir
Alirajpur,Alirajpur
Mira Bhayandar,Mira Bhayandar
Rajagangapur,Rajagangapur
Jaggaiahpet,Jaggaiahpet
Pipar City,Pipar City
Orai,Orai
Mandalgarh,Mandalgarh
Roorkee,Roorkee
Mangrol,Mangrol
Arvi,Arvi
Rahuri,Rahuri
Ponnur,Ponnur
Malaj Khand,Malaj Khand
Mysore,Mysore
Thane,Thane
Nedumangad,Nedumangad
Pihani,Pihani
Jabalpur,Jabalpur
Sonepur,Sonepur
Tiruppur,Tiruppur
Manendragarh,Manendragarh
Nandgaon,Nandgaon
Patur,Patur
Pakaur,Pakaur
Suriyampalayam,Suriyampalayam
Gudur,Gudur
Theni Allinagaram,Theni Allinagaram
Tezpur,Tezpur
Bageshwar,Bageshwar
Peringathur,Peringathur
Yanam,Yanam
Ambejogai,Ambejogai
Kailasahar,Kailasahar
Lonavla,Lonavla
Talaja,Talaja
Yamunanagar,Yamunanagar
Kharar,Kharar
Unnao,Unnao
Palasa Kasibugga,Palasa Kasibugga
Kalpi,Kalpi
Tiruttani,Tiruttani
Pachora,Pachora
Dhubri,Dhubri
Pilibanga,Pilibanga
Sangole,Sangole
Shanti Leh,Shanti Leh
Bhongir,Bhongir
Sultanpur,Sultanpur
Samastipur,Samastipur
Panchla,Panchla
Manachanallur,Manachanallur
Umbergaon,Umbergaon
Chirkunda,Chirkunda
"delhi, india",delhi
Mount Abu,Mount Abu
Raghunathganj,Raghunathganj
Murwara Katni,Murwara Katni
Mahuva,Mahuva
Darbhanga,Darbhanga
Nasirabad,Nasirabad
Kodungallur,Kodungallur
Surat,Surat
Hoshiarpur,Hoshiarpur
Pathankot,Pathankot
Qadian,Qadian
Tadepalligudem,Tadepalligudem
Pudupattinam,Pudupattinam
Narasaraopet,Narasaraopet
Rudrapur,Rudrapur
Koratla,Koratla
Nizamabad,Nizamabad
Monoharpur,Monoharpur
Raisen,Raisen
Shishgarh,Shishgarh
Mathabhanga,Mathabhanga
Raayachuru,Raayachuru
Jharsuguda,Jharsuguda
Rairangpur,Rairangpur
Ramnagar,Ramnagar
Sawai Madhopur,Sawai Madhopur
Mudhol,Mudhol
Visakhapatnam,Visakhapatnam
Umreth,Umreth
Satana,Satana
Rajpura,Rajpura
Guruvayoor,Guruvayoor
Agra,Agra
Vadgaon Kasba,Vadgaon Kasba
Piro,Piro
Pavagada,Pavagada
Beed,Beed
Muddebihal,Muddebihal
Nalbari,Nalbari
Pacode,Pacode
Wara Seoni,Wara Seoni
Uthamapalayam,Uthamapalayam
Adoni,Adoni
Parangipettai,Parangipettai
Phillaur,Phillaur
Vadnagar,Vadnagar
Viramgam,Viramgam
Soron,Soron
Kolkata,Kolkata
Mavelikkara,Mavelikkara
Mandi,Mandi
Nagla,Nagla
Narkatiaganj,Narkatiaganj
Wadi,Wadi
Coimbatore,Coimbatore
Shrirangapattana,Shrirangapattana
Rajkot,Rajkot
Renigunta,Renigunta
Naraura,Naraura
Radhanpur,Radhanpur
Samthar,Samthar
Yevla,Yevla
Thoubal,Thoubal
Marmagao,Marmagao
Amravati,Amravati
Lakheri,Lakheri
Rajnandgaon,Rajnandgaon
Surandai,Surandai
Suar,Suar
Nagina,Nagina
Hazaribag,Hazaribag
Ashok Nagar,Ashok Nagar
Anantapur,Anantapur
Noorpur,Noorpur
Maddur,Maddur
PNPatti,PNPatti
Pattamundai,Pattamundai
Montage,Montage
Musabani,Musabani
Anakapalle,Anakapalle
Raiganj,Raiganj
Cuttack,Cuttack
Alappuzha,Alappuzha
Sherghati,Sherghati
Vadakkuvalliyur,Vadakkuvalliyur
Markapur,Markapur
Raurkela,Raurkela
Barpeta,Barpeta
Maharajpur,Maharajpur
Puttur,Puttur
Navsari,Navsari
Hyderabad,Hyderabad
Pandhurna,Pandhurna
Dharmanagar,Dharmanagar
Ron,Ron
Navalgund,Navalgund
Tilda Newra,Tilda Newra
Sattur,Sattur
Vishnupad Gaya,Vishnupad Gaya
Vatakara,Vatakara
Sohagpur,Sohagpur
Punch,Punch
Magadi,Magadi
Athni,Athni
Barh,Barh
Macherla,Macherla
Dhanbad,Dhanbad
Ratlam,Ratlam
Sheikhpura,Sheikhpura
Morshi,Morshi
Firozabad,Firozabad
Rampura Phul,Rampura Phul
Mhaswad,Mhaswad
Haldwani Kathgodam,Haldwani Kathgodam
Farooqnagar,Farooqnagar
Sillod,Sillod
Supaul,Supaul
Khammam,Khammam
Anantnag,Anantnag
Lilong,Lilong
Lalsot,Lalsot
Zaidpur,Zaidpur
Pernampattu,Pernampattu
Nowgong,Nowgong
Una,Una
Srinivaspur,Srinivaspur
Ranchi,Ranchi
Palani,Palani
Songadh,Songadh
Pune,Pune
Punjaipugalur,Punjaipugalur
Sheohar,Sheohar
Shimla,Shimla
Lalitpur,Lalitpur
Manvi,Manvi
Salem,Salem
Changanassery,Changanassery
Sihora,Sihora
Paithan,Paithan
Jorhat,Jorhat
Baramula,Baramula
patna,patna
Panniyannur,Panniyannur
Malkangiri,Malkangiri
Shirpur Warwade,Shirpur Warwade
Nandyal,Nandyal
Allahabad,Allahabad
Pasighat,Pasighat
Anjar,Anjar
Chaibasa,Chaibasa
Laharpur,Laharpur
Mahad,Mahad
Panipat,Panipat
Sindhnur,Sindhnur
Bellampalle,Bellampalle
Silapathar,Silapathar
Sikar,Sikar
Nanpara,Nanpara
Narayanpet,Narayanpet
Asarganj,Asarganj
Limbdi,Limbdi
Sikandrabad,Sikandrabad
Naugachhia,Naugachhia
Tiruchendur,Tiruchendur
Tadpatri,Tadpatri
Bahadurgarh,Bahadurgarh
Nilanga,Nilanga
Ongole,Ongole
Parbhani,Parbhani
Pithapuram,Pithapuram
Nimbahera,Nimbahera
Karwar,Karwar
Namagiripettai,Namagiripettai
Mumbai,Mumbai
Kapurthala,Kapurthala
Nakur,Nakur
Ponneri,Ponneri
Kollam,Kollam
indore,indore
Ramachandrapuram,Ramachandrapuram
Lalganj,Lalganj
Sambalpur,Sambalpur
Periyasemur,Periyasemur
Sholingur,Sholingur
Ambikapur,Ambikapur
Madhupur,Madhupur
Jammalamadugu,Jammalamadugu
Sehore,Sehore
Hubli Dharwad,Hubli Dharwad
Nautanwa,Nautanwa
Raipur,Raipur
Rae Bareli,Rae Bareli
Sabalgarh,Sabalgarh
Yellandu,Yellandu
Pilani,Pilani
Vadalur,Vadalur
Lakshmeshwar,Lakshmeshwar
Dhenkanal,Dhenkanal
Manmad,Manmad
Medininagar Daltonganj,Medininagar Daltonganj
Shahjahanpur,Shahjahanpur
Bobbili,Bobbili
Bongaigaon City,Bongaigaon City
Malerkotla,Malerkotla
Padrauna,Padrauna
Sanand,Sanand
Sircilla,Sircilla
Byasanagar,Byasanagar
Raisinghnagar,Raisinghnagar
Tilhar,Tilhar
Naidupet,Naidupet
Anjangaon,Anjangaon
Jangaon,Jangaon
Jhargram,Jhargram
Pachore,Pachore
Taranagar,Taranagar
Guntur,Guntur
Manjlegaon,Manjlegaon
Medak,Medak
Mandya,Mandya
Lar,Lar
Kannur,Kannur
Warora,Warora
Longowal,Longowal
Saharsa,Saharsa
Nabha,Nabha
Mukhed,Mukhed
Suratgarh,Suratgarh
Sullurpeta,Sullurpeta
Mirganj,Mirganj
Risod,Risod
Shenkottai,Shenkottai
Sambhar,Sambhar
Darjiling,Darjiling
Itarsi,Itarsi
Gadwal,Gadwal
Akola,Akola
Dhoraji,Dhoraji
Wokha,Wokha
Latur,Latur
Vasai,Vasai
Neyyattinkara,Neyyattinkara
Srivilliputhur,Srivilliputhur
Vijayawada,Vijayawada
Belagavi,Belagavi
Chirala,Chirala
Tundla,Tundla
Jamshedpur,Jamshedpur
Suryapet,Suryapet
Perinthalmanna,Perinthalmanna
Sathyamangalam,Sathyamangalam
Siwan,Siwan
Aligarh,Aligarh
Raxaul Bazar,Raxaul Bazar
Silao,Silao
Lakhimpur,Lakhimpur
Arabic College,Arabic College
Ashok Nagar,Ashok Nagar
Airport Road,Airport Road
Arakere Gate,Arakere Gate
Austin Town,Austin Town
Agaram,Agaram
Adugodi,Adugodi
Bilekahalli,Bilekahalli
Bidadi,Bidadi
BVK Iyengar Road,BVK Iyengar Road
Brookefield,Brookefield
Balaji Nagar,Balaji Nagar
Bangalore University,Bangalore University
BTM Layout,BTM Layout
Bhoopasandra,Bhoopasandra
Basavangudi,Basavangudi
Byatarayanapura,Byatarayanapura
Bellandur,Bellandur
Bannerghatta Road,Bannerghatta Road
Brigade Road,Brigade Road
Bommanahalli,Bommanahalli
Basaveshwaranagar,Basaveshwaranagar
Bangalore CBD,Bangalore CBD
Banashankari,Banashankari
Benson Town,Benson Town
Banaswadi,Banaswadi
Cunningham Road,Cunningham Road
Cooke Town,Cooke Town
C V Raman Nagar,C V Raman Nagar
Carmelram,Carmelram
Chikkabanavara,Chikkabanavara
Crescent Road,Crescent Road
Church Street,Church Street
Cox Town,Cox Town
Chandra Layout,Chandra Layout
Chamarajpet,Chamarajpet
Commercial Street,Commercial Street
Chickpet,Chickpet
Cubbon Park,Cubbon Park
Domlur,Domlur
Dollars Colony,Dollars Colony
Dispensary Road,Dispensary Road
Dickenson Road,Dickenson Road
DJ Halli,DJ Halli
Dasarahalli,Dasarahalli
Doddaballapura Main Road,Doddaballapura Main Road
Devanhalli,Devanhalli
Doddanekundi,Doddanekundi
Double Road,Double Road
Electronic City,Electronic City
Ejipura,Ejipura
Frazer Town,Frazer Town
Gandhinagar,Gandhinagar
Ganga Nagar,Ganga Nagar
Gavipuram,Gavipuram
Hoskote,Hoskote
HAL 3rd Stage,HAL 3rd Stage
HAL Airport Road,HAL Airport Road
HAL 2nd Stage,HAL 2nd Stage
HSR Layout,HSR Layout
Hosur Road,Hosur Road
Haralur Road,Haralur Road
HRBR Layout,HRBR Layout
Hanumantha Nagar,Hanumantha Nagar
Hesaraghatta,Hesaraghatta
Haudin Road,Haudin Road
Hebbal,Hebbal
HBR Layout,HBR Layout
Hennur,Hennur
Infantry Road,Infantry Road
Indiranagar,Indiranagar
Jayamahal,Jayamahal
Jayanagar,Jayanagar
JC Road,JC Road
Jakkur,Jakkur
Jnana Bharathi,Jnana Bharathi
J C Nagar,J C Nagar
JP Nagar,JP Nagar
Jeevanbheema Nagar,Jeevanbheema Nagar
Jalahalli,Jalahalli
Kadubeesanahalli,Kadubeesanahalli
Kammanahalli,Kammanahalli
KH Road,KH Road
KG Circle,KG Circle
Kengeri,Kengeri
Kalasipalyam,Kalasipalyam
Kanakapura Main Road,Kanakapura Main Road
Kanakapura,Kanakapura
KR Market,KR Market
Kumara Park East,Kumara Park East
Kumara Krupa,Kumara Krupa
Kathriguppe,Kathriguppe
KR Road,KR Road
Kasturi Nagar,Kasturi Nagar
Kaggalipura,Kaggalipura
Kalyan Nagar,Kalyan Nagar
Kasturba Road,Kasturba Road
Kempegowda Road,Kempegowda Road
KG Nagar,KG Nagar
Kumara Park West,Kumara Park West
Krishnarajapuram,Krishnarajapuram
Kodihalli,Kodihalli
Kothanur,Kothanur
Kumbalgodu,Kumbalgodu
Koramangala,Koramangala
Kumaraswamy Layout,Kumaraswamy Layout
Kadugodi,Kadugodi
Konanakunte,Konanakunte
Kamakshipalya,Kamakshipalya
Lingarajapuram,Lingarajapuram
Lavelle Road,Lavelle Road
Langford Gardens,Langford Gardens
Langford Road,Langford Road
Laggere,Laggere
Museum Road,Museum Road
Marathahalli,Marathahalli
Mysore Road,Mysore Road
Magrath Road,Magrath Road
Millers Road,Millers Road
Mathikere,Mathikere
Mission Road,Mission Road
Mahalakshmi Layout,Mahalakshmi Layout
Murugeshpalya,Murugeshpalya
Madivala,Madivala
Main Guard Cross Road,Main Guard Cross Road
Maruthisevanagar,Maruthisevanagar
MG Road Banglore,MG Road Banglore
Bengaluru,Banglore|Bengaluru|Bangalore
Malleswaram,Malleswaram
Mahadevapura,Mahadevapura
Nagashettyhalli,Nagashettyhalli
Nagasandra,Nagasandra
New BEL Road,New BEL Road
Nagarbhavi,Nagarbhavi
Nayandahalli,Nayandahalli
New Thippasandra,New Thippasandra
Nagawara,Nagawara
Nandidurga Road,Nandidurga Road
Old Madras Road,Old Madras Road
Palace Cross Road,Palace Cross Road
Palace Guttahalli,Palace Guttahalli
Puttenahalli,Puttenahalli
Padmanabha Nagar,Padmanabha Nagar
Peenya Industrial Area,Peenya Industrial Area
Queens Road,Queens Road
RMV 2nd Stage,RMV 2nd Stage
Richmond Road,Richmond Road
Race Course Road,Race Course Road
Richmond Town,Richmond Town
Rajkunte,Rajkunte
Ramanagaram,Ramanagaram
Rajanukunte,Rajanukunte
Residency Road,Residency Road
Rajajinagar,Rajajinagar
RT Nagar,RT Nagar
Raja Rajeshwari Nagar,Raja Rajeshwari Nagar
Sankey Road,Sankey Road
Sultanpalya,Sultanpalya
StMarks Road,StMarks Road
Sanjaynagar,Sanjaynagar
Sahakara Nagar,Sahakara Nagar
Srirampuram,Srirampuram
Shampur,Shampur
St Johns Road,St Johns Road
Sadahalli,Sadahalli
Sadhashivnagar,Sadhashivnagar
Subramanyapura,Subramanyapura
Sarjapur,Sarjapur
St Thomas Town,St Thomas Town
Shanthinagar,Shanthinagar
Shivajinagar,Shivajinagar
Seshadripuram,Seshadripuram
Sanjeevini Nagar,Sanjeevini Nagar
Tannery Road,Tannery Road
Thyagarajanagar,Thyagarajanagar
Tumkur Road,Tumkur Road
Ulsoor,Ulsoor
Vijayanagar,Vijayanagar
Viveknagar,Viveknagar
Vyalikaval,Vyalikaval
Varthur Road,Varthur Road
Victoria Road,Victoria Road
Viswaneedam,Viswaneedam
Virgonagar,Virgonagar
Vasanthanagar,Vasanthanagar
VV Puram,VV Puram
Vittal Mallya Road,Vittal Mallya Road
Vidyaranyapura,Vidyaranyapura
Vimanapura,Vimanapura
Walton Road,Walton Road
Wheelers Road,Wheelers Road
Whitefield,Whitefield
Wilson Garden,Wilson Garden
Yelahanka,Yelahanka
Yeshwanthpur,Yeshwanthpur
North Goa,North Goa
Pernem,Pernem
Bardez,Bardez
Tiswadi,Tiswadi
Panaji,Panaji
Bicholim,Bicholim
Sanquelim,Sanquelim
Satari,Satari
Valpoi,Valpoi
Ponda,Ponda
South Goa,South Goa
Mormugao,Mormugao
Salcete,Salcete
Margao,Margao
Cuncolim,Cuncolim
Quepem,Quepem
Curchorem,Curchorem|Cacora
Sanguem,Sanguem
Canacona,Canacona
Mysore,Mysore
Piriyapatna,Piriyapatna
Hunsur,Hunsur
Krishnarajanagara,Krishnarajanagara
Mysore,Mysore
Heggadadevankote,Heggadadevankote
Saragur,Saragur
Nanjangud,Nanjangud
Tirumakudal,Tirumakudal
Bannur,Bannur
Narsipur,Narsipur
Pune,Pune
Junnar,Junnar
Ambegaon,Ambegaon
Shirur,Shirur
Khed,Khed
Mawal,Mawal
Talegaon Dabhade,Talegaon Dabhade|Talegaon|Dabhade
Lonavala,Lonavala
Mulshi,Mulshi
Haveli,Haveli
Pimpri Chinchwad,Pimpri Chinchwad|Pimpri|Chinchwad
Dehu Road,Dehu Road
Pune City,Pune City
Kirkee,Kirkee
Daund,Daund
Purandhar,Purandhar
Sasvad,Sasvad
Jejuri,Jejuri
Velhe,Velhe
Bhor,Bhor
Baramati,Baramati
Indapur,Indapur
Thiruvananthapuram,Thiruvananthapuram
Chirayinkeezhu,Chirayinkeezhu
Varkala,Varkala
Attingal,Attingal
Nedumangad,Nedumangad
Thiruvananthapuram,Thiruvananthapuram
Neyyattinkara,Neyyattinkara
Neyyattinkara,Neyyattinkara
Pachalam,Pachalam
Elamakkara,Elamakkara
Cheranellur,Cheranellur
Kaloor,Kaloor
Palarivattom,Palarivattom
Edapally,Edapally
Panampilly Nagar,Panampilly Nagar
Ravipuram,Ravipuram
Pachalam,Pachalam
Kathrikadavu,Kathrikadavu
Thammanam,Thammanam
Kadavanthra,Kadavanthra
Kaloor,Kaloor
Ernakulam,Ernakulam
Ravipuram,Ravipuram
Willingdon Island,Willingdon Island
Fort Kochi,Fort Kochi
Mattancherry,Mattancherry
Thoppumpady,Thoppumpady
Palluruthy,Palluruthy
Chellanam,Chellanam
Kundannur,Kundannur
Edakochi,Edakochi
Thevara,Thevara
Maradu,Maradu
Thykoodam,Thykoodam
Chambakkara,Chambakkara
Kakkanad,Kakkanad
Vennala,Vennala
Thrikkakara,Thrikkakara
Vyttila,Vyttila
Tripunithura,Tripunithura
Kalamassery,Kalamassery
Aluva,Aluva
Angamaly,Angamaly
North Paravur,North Paravur
Eloor,Eloor
Koonammavu,Koonammavu
Vaduthala,Vaduthala
Vypin Island,Vypin Island
Kumbalam,Kumbalam
Aroor,Aroor
Udayamperoor,Udayamperoor
Panangad,Panangad
Eramallur,Eramallur
Perumbavoor,Perumbavoor
Eroor,Eroor
Thiruvankulam,Thiruvankulam
Kolenchery,Kolenchery
Mamala,Mamala
Kizhakkambalam,Kizhakkambalam
Piravom,Piravom
Mulanthuruthy,Mulanthuruthy
Arakkunnam,Arakkunnam
Kothamangalam,Kothamangalam
Moovattupuzha,Moovattupuzha
Koothattukulam,Koothattukulam
Kodungallur,Kodungallur
Cherthala,Cherthala
Adambakkam,Adambakkam
Adyar,Adyar
Alandur,Alandur
Alwarpet,Alwarpet
Alwarthirunagar,Alwarthirunagar
Ambattur,Ambattur
Aminjikarai,Aminjikarai
Anakaputhur,Anakaputhur
Anna Nagar,Anna Nagar
Annanur,Annanur
Arumbakkam,Arumbakkam
Ashok Nagar,Ashok Nagar
Avadi,Avadi
Ayanavaram,Ayanavaram
Besant Nagar,Besant Nagar
Basin Bridge,Basin Bridge
Chepauk,Chepauk
Chetput,Chetput
Chintadripet,Chintadripet
Chitlapakkam,Chitlapakkam
Choolai,Choolai
Choolaimedu,Choolaimedu
Chrompet,Chrompet
Egmore,Egmore
Ekkaduthangal,Ekkaduthangal
Ennore,Ennore
Foreshore Estate,Foreshore Estate
Fort St George Chennai,Fort St George
George Town,George Town
Gopalapuram,Gopalapuram
Guindy,Guindy
Guduvanchery,Guduvanchery
IIT Madras,IIT Madras
Injambakkam,Injambakkam
ICF,ICF
Iyyapanthangal,Iyyapanthangal
Jafferkhanpet,Jafferkhanpet
Karapakkam,Karapakkam
Kattivakkam,Kattivakkam
Kazhipattur,Kazhipattur
KK Nagar,KK Nagar
Keelkattalai,Keelkattalai
Kelambakkam,Kelambakkam
Kilpauk,Kilpauk
Kodambakkam,Kodambakkam
Kodungaiyur,Kodungaiyur
Kolathur,Kolathur
Korattur,Korattur
Korukkupet,Korukkupet
Kottivakkam,Kottivakkam
Kotturpuram,Kotturpuram
Kottur,Kottur
Kovalam,Kovalam
Kovilambakkam,Kovilambakkam
Koyambedu,Koyambedu
Kundrathur,Kundrathur
Madhavaram,Madhavaram
Madhavaram Milk Colony,Madhavaram Milk Colony
Madipakkam,Madipakkam
Madambakkam,Madambakkam
Maduravoyal,Maduravoyal
Manali,Manali
Manali New Town,Manali New Town
Manapakkam,Manapakkam
Mandaveli,Mandaveli
Mangadu,Mangadu
Mannadi,Mannadi
Mathur,Mathur
Medavakkam,Medavakkam
Meenambakkam,Meenambakkam
Minjur,Minjur
Mogappair,Mogappair
MKB Nagar,MKB Nagar
Mount Road,Mount Road
Moolakadai,Moolakadai
Moulivakkam,Moulivakkam
Mugalivakkam,Mugalivakkam
Mylapore,Mylapore
Nandanam,Nandanam
Nanganallur,Nanganallur
Navalur,Navalur
Neelankarai,Neelankarai
Nemilichery,Nemilichery
Nesapakkam,Nesapakkam
Nolambur,Nolambur
Noombal,Noombal
Nungambakkam,Nungambakkam
Ottery,Ottery
Padi,Padi
Pakkam,Pakkam
Palavakkam,Palavakkam
Pallavaram,Pallavaram
Pallikaranai,Pallikaranai
Pammal,Pammal
Park Town,Park Town
Parrys Corner,Parrys Corner
Pattabiram,Pattabiram
Pattaravakkam,Pattaravakkam
Pazhavanthangal,Pazhavanthangal
Peerkankaranai,Peerkankaranai
Perambur,Perambur
Peravallur,Peravallur
Perumbakkam,Perumbakkam
Perungalathur,Perungalathur
Perungudi,Perungudi
Pozhichalur,Pozhichalur
Poonamallee,Poonamallee
Porur,Porur
Pudupet,Pudupet
Purasaiwalkam,Purasaiwalkam
Puthagaram,Puthagaram
Puzhal,Puzhal
Puzhuthivakkam,Puzhuthivakkam
Ramavaram,Ramavaram
Red Hills,Red Hills
Royapettah,Royapettah
Royapuram,Royapuram
Saidapet,Saidapet
Saligramam,Saligramam
Santhome,Santhome
Selaiyur,Selaiyur
Shenoy Nagar,Shenoy Nagar
Sholavaram,Sholavaram
Sholinganallur,Sholinganallur
Sithalapakkam,Sithalapakkam
Sowcarpet,Sowcarpet
St Thomas Mount,St Thomas Mount
Tambaram,Tambaram
Teynampet,Teynampet
Tharamani,Tharamani
Thirumangalam,Thirumangalam
Thirumullaivoyal,Thirumullaivoyal
Thiruneermalai,Thiruneermalai
Thiruninravur,Thiruninravur
Thiruvanmiyur,Thiruvanmiyur
Tiruverkadu,Tiruverkadu
Thiruvotriyur,Thiruvotriyur
Tirusulam,Tirusulam
Tiruvallikeni,Tiruvallikeni
Tondiarpet,Tondiarpet
United India Colony,United India Colony
Urapakkam,Urapakkam
Vandalur,Vandalur
Vadapalani,Vadapalani
Valasaravakkam,Valasaravakkam
Vallalar Nagar,Vallalar Nagar
Vanagaram,Vanagaram
Velachery,Velachery
Veppampattu,Veppampattu
Villivakkam,Villivakkam
Virugambakkam,Virugambakkam
Vyasarpadi,Vyasarpadi
Washermanpet,Washermanpet
West Mambalam,West Mambalam|Mambalam
Ahmadabad,Ahmadabad
Mandal,Mandal
Detroj Rampura,Detroj Rampura|Detroj|Rampura
Viramgam,Viramgam
Sanand,Sanand
Ahmadabad City,Ahmadabad City
Daskroi,Daskroi
Bareja,Bareja
Dholka,Dholka
Dholka,Dholka
Bavla,Bavla
Ranpur,Ranpur
Barwala,Barwala
Dhandhuka,Dhandhuka
Baidyabati,Baidyabati
Bhadreswar,Bhadreswar
Hooghly,Hooghly
Bansberia,Bansberia
Champdani,Champdani
Dankuni,Dankuni
Hugli Chuchura,Hugli Chuchura|Hugli|Chuchura
Konnagar,Konnagar
Rishra,Rishra
Serampore,Serampore
Uttarpara Kotrung,Uttarpara Kotrung|Uttarpara|Kotrung
Howrah ,Howrah
Bally Howrah,Bally Howrah
Uluberia,Uluberia
Nadia ,Nadia
Gayespur,Gayespur
Kalyani,Kalyani
North Parganas,North Parganas
Baranagar,Baranagar
Barasat,Barasat
Barrackpore,Barrackpore
Bhatpara,Bhatpara
Dum Dum,Dum Dum
Garulia,Garulia
Halisahar,Halisahar
Kamarhati,Kamarhati
Kanchrapara,Kanchrapara
Khardah,Khardah
Madhyamgram,Madhyamgram
Naihati,Naihati
New Barrackpore,New Barrackpore
North Barrackpur,North Barrackpur
North Dumdum,North Dumdum
Panihati,Panihati
South Dumdum,South Dumdum
Titagarh,Titagarh
South Parganas,South Parganas
Baruipur,Baruipur
Maheshtala,Maheshtala
Pujali,Pujali
Rajpur Sonarpur,Rajpur Sonarpur
Parganas,Parganas
Mysore,Mysore
Piriyapatna,Piriyapatna
Hunsur,Hunsur
Krishnarajanagara,Krishnarajanagara
Mysore,Mysore
Heggadadevankote,Heggadadevankote
Saragur,Saragur
Nanjangud,Nanjangud
Tirumakudal,Tirumakudal
Bannur,Bannur
Narsipur,Narsipur
Himayat nagar,Himayat Nagar|himayatnagar
Andheri East,Andheri East
Andheri West,Andheri West
Goregaon East,Goregaon East
Goregaon West,Goregaon West
Mira Road,Mira Road
Dadar East,Dadar East
Dadar West,Dadar West
Bandra East,Bandra East
Bandra West,Bandra West
Borivali East,Borivali East
Borivali West,Borivali West
Santacruz East,Santacruz East
Santacruz West,Santacruz West
Satara,Satara |
Nidadavole,Nidadavole |
Umaria,Umaria |
Mangaldoi,Mangaldoi |
Mudabidri,Mudabidri |
Zamania,Zamania |
Rapar,Rapar |
Tiptur,Tiptur |
Arakkonam,Arakkonam |
Sopore,Sopore |
Tarana,Tarana |
Mangaluru,Mangaluru |
guwahati,guwahati |
Baharampur,Baharampur |
Karur,Karur |
Sahaspur,Sahaspur |
Parli,Parli |
Khair,Khair |
Chennai,Chennai |
Shahabad,Shahabad |
Karimganj,Karimganj |
Sahaswan,Sahaswan |
jaipur,jaipur |rajasthan |
Guntakal,Guntakal |
Dhamtari,Dhamtari |
Savanur,Savanur |
Mahidpur,Mahidpur |
Mathura,Mathura |
Sainthia,Sainthia |
Puthuppally,Puthuppally |
Kochi,Kochi |
Safipur,Safipur |
Jagtial,Jagtial |
Muktsar,Muktsar |
Rahatgarh,Rahatgarh |
Patiala,Patiala |
Ahmedabad,Ahmedabad |
Ratia,Ratia |
Reengus,Reengus |
Charkhi Dadri,Charkhi |Dadri |
Varanasi,Varanasi |
chennai,chennai |madras |tamilnadu |
Sugauli,Sugauli |
Lalgudi,Lalgudi |
Sidhpur,Sidhpur |
Tirukkoyilur,Tirukkoyilur |
Sadri,Sadri |
Tirupathur,Tirupathur |
Port Blair,Port Blair |Blair |
Vedaranyam,Vedaranyam |
Yavatmal,Yavatmal |
Vikarabad,Vikarabad |
Todabhim,Todabhim |
Phagwara,Phagwara |
Purwa,Purwa |
Bharuch,Bharuch |
Bathinda,Bathinda |
Wardha,Wardha |
Thiruvananthapuram,Thiruvananthapuram |
Sitapur,Sitapur |
Sidhi,Sidhi |
Rupnagar,Rupnagar |
Achhnera,Achhnera |
Kanpur,Kanpur |
Vyara,Vyara |
Raghogarh Vijaypur,Raghogarh |Vijaypur |
Sandi,Sandi |
Piriyapatna,Piriyapatna |
Ujjain,Ujjain |
Mahbubnagar,Mahbubnagar |
Achalpur,Achalpur |
Nongstoin,Nongstoin |
Vita,Vita |
Naugawan Sadat,Naugawan |Sadat |
Sasaram,Sasaram |
Ghaziabad,Ghaziabad |
Mokokchung,Mokokchung |
Sonipat,Sonipat |
Loni,Loni |
Jind,Jind |
Sohna,Sohna |
Motipur,Motipur |
Nawabganj,Nawabganj |
Tarikere,Tarikere |
Fatehpur Sikri,Fatehpur |Sikri |
Sujangarh,Sujangarh |
Karjat,Karjat |
Powayan,Powayan |
Giridih,Giridih |
Madhepura,Madhepura |
Amritsar,Amritsar |
Sanduru,Sanduru |
Wanaparthy,Wanaparthy |
Cherthala,Cherthala |
Hardwar,Hardwar |
Umred,Umred |
East,east |
Simdega,Simdega |
Bahraich,Bahraich |
Kandukur,Kandukur |
Yadgir,Yadgir |
Lucknow,Lucknow |
Muzaffarpur,Muzaffarpur |
Rajapalayam,Rajapalayam |
Rajura,Rajura |
Kayamkulam,Kayamkulam |
Ranibennur,Ranibennur |
Wani,Wani |
Nepanagar,Nepanagar |
Nagapattinam,Nagapattinam |
Afzalpur,Afzalpur |
Meerut,Meerut |
Palampur,Palampur |
Attingal,Attingal |
Batala,Batala |
Rajaldesar,Rajaldesar |
Ladnu,Ladnu |
Pithoragarh,Pithoragarh |
Malpura,Malpura |
Palladam,Palladam |
Padra,Padra |
Mangrulpir,Mangrulpir |
Partur,Partur |
Nahan,Nahan |
Ladwa,Ladwa |
Amalapuram,Amalapuram |
Pilibhit,Pilibhit |
Najibabad,Najibabad |
Maihar,Maihar |
Unjha,Unjha |
Patti,Patti |
Sikanderpur,Sikanderpur |
Tirwaganj,Tirwaganj |
Chalakudy,Chalakudy |
Shahdol,Shahdol |
Siliguri,Siliguri |
Shamli,Shamli |
Sardarshahar,Sardarshahar |
Pandharpur,Pandharpur |
Kathua,Kathua |
Savner,Savner |
Modinagar,Modinagar |
Thiruthuraipoondi,Thiruthuraipoondi |
Gokak,Gokak |
Ichalkaranji,Ichalkaranji |
lucknow,lucknow |
Baripada Town,Baripada |Baripada Town |
Patratu,Patratu |
Dharmavaram,Dharmavaram |
Mhowgaon,Mhowgaon |
Pali,Pali |
Ottappalam,Ottappalam |
Anand,Anand |
Chittur Thathamangalam,Chittur |Thathamangalam |
Tindivanam,Tindivanam |
Thirumangalam,Thirumangalam |
Nuzvid,Nuzvid |
Takhatgarh,Takhatgarh |
Washim,Washim |
Sarsod,Sarsod |
Lahar,Lahar |
Sanawad,Sanawad |
Nandura,Nandura |
Peddapuram,Peddapuram |
Lakhisarai,Lakhisarai |
Rau,Rau |
Narasapuram,Narasapuram |
Pallapatti,Pallapatti |
Ranavav,Ranavav |
Siruguppa,Siruguppa |
Rudauli,Rudauli |
Tirora,Tirora |
Dibrugarh,Dibrugarh |
Tulsipur,Tulsipur |
Tohana,Tohana |
Bhawanipatna,Bhawanipatna |
Alipurduar,Alipurduar |
Pukhrayan,Pukhrayan |
Diphu,Diphu |
Sibsagar,Sibsagar |
Peravurani,Peravurani |
Akot,Akot |
Jhumri Tilaiya,Jhumri Tilaiya |Tilaiya |
Mankachar,Mankachar |
Namakkal,Namakkal |
Nakodar,Nakodar |
Salur,Salur |
Niwai,Niwai |
Nirmal,Nirmal |
Tirur,Tirur |
Gohana,Gohana |
Sahjanwa,Sahjanwa |
Maner,Maner |
Nellikuppam,Nellikuppam |
New Delhi,Delhi | New Delhi
Ankleshwar,Ankleshwar |
Sankari,Sankari |
Paramakudi,Paramakudi |
Pauri,Pauri |
Mainaguri,Mainaguri |
Chittoor,Chittoor |
Bankura,Bankura |
Adoor,Adoor |
Rewari,Rewari |
Memari,Memari |
Imphal,Imphal |
ahmedabad,ahmedabad |ahmdabad |amdavad
Mudalagi,Mudalagi |
Titlagarh,Titlagarh |
Bapatla,Bapatla |
Mahesana,Mahesana |
Panchkula,Panchkula |
Tura,Tura |
Dehradun,Dehradun |
Kozhikode,Kozhikode |
Tuensang,Tuensang |
Etawah,Etawah |
Bhiwani,Bhiwani |
Medinipur,Medinipur |
Shirur,Shirur |
Robertson Pet,Robertson |Robertson Pet |
Ujhani,Ujhani |
Vinukonda,Vinukonda |
Mapusa,Mapusa |
Pehowa,Pehowa |
Mandvi,Mandvi |
Wadhwan,Wadhwan |
Eluru,Eluru |
Manasa,Manasa |
Miryalaguda,Miryalaguda |
Vidisha,Vidisha |
Mahasamund,Mahasamund |
Munger,Munger |
Madhubani,Madhubani |
Malkapur,Malkapur |
Motihari,Motihari |
Gopalganj,Gopalganj |
Dhule,Dhule |
Udaipur,Udaipur |
Palai,Palai |
Gooty,Gooty |
Alwar,Alwar |
Korba,Korba |
Rajsamand,Rajsamand |
Deesa,Deesa |
Malegaon,Malegaon |
Umarga,Umarga |
Rangia,Rangia |
Warhapur,Warhapur |
Rampurhat,Rampurhat |
Hajipur,Hajipur |
Parlakhemundi,Parlakhemundi |
Warud,Warud |
Faridabad,Faridabad |
Narsinghgarh,Narsinghgarh |
Buxar,Buxar |
Gurdaspur,Gurdaspur |
Pattukkottai,Pattukkottai |
Sanchore,Sanchore |
Palwal,Palwal |
kolkata,kolkata |calcutta |bengal |
Kurnool,Kurnool |
Virar,Virar |
Ganjbasoda,Ganjbasoda |
Margao,Margao |
Firozpur Cantt,Firozpur |Cantt |
Taraori,Taraori |
Natham,Natham |
Sendhwa,Sendhwa |
Nilambur,Nilambur |
Shrigonda,Shrigonda |
Mahe,Mahe |
Kothagudem,Kothagudem |
Mungeli,Mungeli |
Kakinada,Kakinada |
Sundargarh,Sundargarh |
Revelganj,Revelganj |
Kancheepuram,Kancheepuram |
Indore,Indore |
Pedana,Pedana |
Shirdi,Shirdi |
Bagaha,Bagaha |
Neemuch,Neemuch |
Nagarkurnool,Nagarkurnool |
Sarangpur,Sarangpur |
Durg,Durg |
Palghar,Palghar |
Tinsukia,Tinsukia |
Purna,Purna |
Uravakonda,Uravakonda |
Madikeri,Madikeri |
Tiruvethipuram,Tiruvethipuram |
Sirsi,Sirsi |
Morvi,Morvi |
Uttar Pradesh,UP |
Tekkalakote,Tekkalakote |
Sirsa,Sirsa |
Udupi,Udupi |
Saunda,Saunda |
Ranaghat,Ranaghat |
Bikaner,Bikaner |
Chhapra,Chhapra |
Sangli,Sangli |
Palitana,Palitana |
Manwath,Manwath |
Kovvur,Kovvur |
Perambalur,Perambalur |
Rohtak,Rohtak |
Thiruvallur,Thiruvallur |
Sankarankovil,Sankarankovil |
Yemmiganur,Yemmiganur |
Modasa,Modasa |
Rafiganj,Rafiganj |
Raghunathpur,Raghunathpur |
Moga,Moga |
Thanesar,Thanesar |
Srikakulam,Srikakulam |
Manawar,Manawar |
Mahalingapura,Mahalingapura |
Nelamangala,Nelamangala |
Naihati,Naihati |
Noida,Noida |
Gudivada,Gudivada |
Sadulpur,Sadulpur |
Perumbavoor,Perumbavoor |
Sadasivpet,Sadasivpet |
Khanna,Khanna |
Mandideep,Mandideep |
Tiruchengode,Tiruchengode |
Tiruvannamalai,Tiruvannamalai |
Tharad,Tharad |
Barnala,Barnala |
Shivamogga,Shivamogga |
Veraval,Veraval |
Sangamner,Sangamner |
West,West |
Vijapur,Vijapur |
Ramgarh,Ramgarh |
Rampur Maniharan,Rampur |Maniharan |
Purnia,Purnia |
Niwari,Niwari |
Nathdwara,Nathdwara |
Sivagiri,Sivagiri |
Bettiah,Bettiah |
Arwal,Arwal |
Saharanpur,Saharanpur |
Karimnagar,Karimnagar |
Mohali,Mohali |
Lunawada,Lunawada |
Ahmednagar,Ahmednagar |
Gumia,Gumia |
Vellore,Vellore |
Nanded,Nanded |
Malur,Malur |
Lingsugur,Lingsugur |
Lal Nindaura,Lal Nindaura|Nindaura |
Narkhed,Narkhed |
Forbesganj,Forbesganj |
Vellakoil,Vellakoil |
Madanapalle,Madanapalle |
Jamui,Jamui |
Warisaliganj,Warisaliganj |
Shegaon,Shegaon |
Nanjikottai,Nanjikottai |
Naharlagun,Naharlagun |
Agartala,Agartala |
Talegaon Dabhade,Talegaon |Dabhade |
Ramagundam,Ramagundam |
Nokha,Nokha |
Sakaleshapura,Sakaleshapura |
Kyathampalle,Kyathampalle |
Lohardaga,Lohardaga |
Bhainsa,Bhainsa |
Robertsganj,Robertsganj |
Sakti,Sakti |
Mandi Dabwali,Mandi Dabwali |
Panaji,Panaji |
Phaltan,Phaltan |
Sangareddy,Sangareddy |
Phulabani,Phulabani |
Pasan,Pasan |
Sihor,Sihor |
Valparai,Valparai |
Tiruchirappalli,Tiruchirappalli |
Marigaon,Marigaon |
Mul,Mul |
Proddatur,Proddatur |
Nadiad,Nadiad |
Shahade,Shahade |
Pattran,Pattran |
Samalkha,Samalkha |
Hindupur,Hindupur |
Sheoganj,Sheoganj |
Uran Islampur,Uran |Islampur |
Thammampatti,Thammampatti |
Kohima,Kohima |
goa,goa |
Tonk,Tonk |
Karnal,Karnal |
Mandla,Mandla |
Mandapeta,Mandapeta |
Palwancha,Palwancha |
Nargund,Nargund |
bhopal,bhopal |
Mayang Imphal,Mayang |Imphal |
Panruti,Panruti |
Ratangarh,Ratangarh |
Dalli Rajhara,Dalli |Rajhara |
Dhuri,Dhuri |
Faridkot,Faridkot |
Sambhal,Sambhal |
Marhaura,Marhaura |
Keshod,Keshod |
Pallikonda,Pallikonda |
Unnamalaikadai,Unnamalaikadai |
Pathanamthitta,Pathanamthitta |
Tasgaon,Tasgaon |
Masaurhi,Masaurhi |
Rayachoti,Rayachoti |
Sundarnagar,Sundarnagar |
Venkatagiri,Venkatagiri |
Tanuku,Tanuku |
pune,pune
Tandur,Tandur |
Tiruvuru,Tiruvuru |
Reoti,Reoti |
Phulpur,Phulpur |
Petlad,Petlad |
Mansa,Mansa |
Sumerpur,Sumerpur |
Malavalli,Malavalli |
Rayadurg,Rayadurg |
Shiggaon,Shiggaon |
Kashipur,Kashipur |
Panvel,Panvel |
Rasra,Rasra |
Paradip,Paradip |
Upleta,Upleta |
Sholavandan,Sholavandan |
Periyakulam,Periyakulam |
Bhimavaram,Bhimavaram |
hyderabad,hyderabad
Asansol,Asansol |
Mahnar Bazar,Mahnar
Gangarampur,Gangarampur |
Narsipatnam,Narsipatnam |
Mahemdabad,Mahemdabad |
Rajam,Rajam |
Tharamangalam,Tharamangalam |
Bhadrak,Bhadrak |
Khowai,Khowai |
Raigarh,Raigarh |
Rewa,Rewa |
Sangrur,Sangrur |
Bangalore,Bengaluru |Bangalore
Patna,Patna |
Rajgarh Churu,Rajgarh |Churu |
Puri,Puri |
Nabarangapur,Nabarangapur |
Nagercoil,Nagercoil |
Vandavasi,Vandavasi |
Sivakasi,Sivakasi |
Erode,Erode |
Nagda,Nagda |
Balurghat,Balurghat |
Thiruvalla,Thiruvalla |
Arsikere,Arsikere |
Rawatbhata,Rawatbhata |
Losal,Losal |
Tuni,Tuni |
Jagdalpur,Jagdalpur |
Safidon,Safidon |
Panamattom,Panamattom |
Sagar,Sagar |
Aurangabad,Aurangabad |
Katihar,Katihar |
Rosera,Rosera |
Tarbha,Tarbha |
Loha,Loha |
Solapur,Solapur |
Machilipatnam,Machilipatnam |
Tehri,Tehri |
Manavadar,Manavadar |
Sirsaganj,Sirsaganj |
Udhagamandalam,Udhagamandalam |
Amreli,Amreli |
Sunabeda,Sunabeda |
Mokameh,Mokameh |
Saundatti Yellamma,Saundatti |Yellamma |
Rania,Rania |
Pusad,Pusad |
Thangadh,Thangadh |
Madurai,Madurai |
Aruppukkottai,Aruppukkottai |
Manihari,Manihari |
Adityapur,Adityapur |
Lathi,Lathi |
Nawapur,Nawapur |
Jamalpur,Jamalpur |
Bhadrachalam,Bhadrachalam |
Vadipatti,Vadipatti |
Vizianagaram,Vizianagaram |
Srirampore,Srirampore |
Jamnagar,Jamnagar |
Nainital,Nainital |
Kishanganj,Kishanganj |
Hugli Chinsurah,Hugli |Chinsurah |
Guwahati,Guwahati |
Shahpur,Shahpur |
Sultanganj,Sultanganj |
Nainpur,Nainpur |
mangalore,mangalore |
Murshidabad,Murshidabad |
Tirukalukundram,Tirukalukundram |
Sahawar,Sahawar |
Vadodara,Vadodara |
Manuguru,Manuguru |
Jaipur,Jaipur |
Talcher,Talcher |
Madhugiri,Madhugiri |
Tarakeswar,Tarakeswar |
Punganur,Punganur |
Lonavala,Lonavala |
Pathri,Pathri |
Oddanchatram,Oddanchatram |
Murtijapur,Murtijapur |
Pauni,Pauni |
Nawanshahr,Nawanshahr |
Soyagaon,Soyagaon |
Ozar,Ozar |
Sagara,Sagara |
Phalodi,Phalodi |
Tuljapur,Tuljapur |
Rajgarh Alwar,Rajgarh |Alwar |
Sonamukhi,Sonamukhi |
Nabadwip,Nabadwip |
Surapura,Surapura |
Pipariya,Pipariya |
Lachhmangarh,Lachhmangarh |
Jatani,Jatani |
Rajampet,Rajampet |
Shendurjana,Shendurjana |
Talode,Talode |
Porbandar,Porbandar |
Hardoi,Hardoi |
Pindwara,Pindwara |
Virudhachalam,Virudhachalam |
Sojat,Sojat |
Nanjangud,Nanjangud |
Sadalagi,Sadalagi |
Pathardi,Pathardi |
Sasvad,Sasvad |
Bhubaneswar,Bhubaneswar |
Karaikal,Karaikal |
Rabkavi Banhatti,Rabkavi |Banhatti |
Nandurbar,Nandurbar |
Chandausi,Chandausi |
Thirupuvanam,Thirupuvanam |
Azamgarh,Azamgarh |
Tanda,Tanda |
Narwana,Narwana |
Viluppuram,Viluppuram |
Kot Kapura,Kot |Kapura |
Sitamarhi,Sitamarhi |
Amroha,Amroha |
Moradabad,Moradabad |
Shrirampur,Shrirampur |
Malappuram,Malappuram |
Thuraiyur,Thuraiyur |
Santipur,Santipur |
Pandharkaoda,Pandharkaoda |
Nowrozabad Khodargama,Nowrozabad |Khodargama |
Shikaripur,Shikaripur |
Ramngarh,Ramngarh |
Palakkad,Palakkad |
Tamluk,Tamluk |
Balaghat,Balaghat |
Udaipurwati,Udaipurwati |
Rasipuram,Rasipuram |
Arrah,Arrah |
Mukerian,Mukerian |
Muvattupuzha,Muvattupuzha |
Bharatpur,Bharatpur |
Bhagalpur,Bhagalpur |
Sirkali,Sirkali |
Sivaganga,Sivaganga |
Patan,Patan |
Todaraisingh,Todaraisingh |
Cooch Behar,Cooch |Behar |
Viswanatham,Viswanatham |
Balangir,Balangir |
Panagar,Panagar |
Vapi,Vapi |
Hawa Jaipur,Hawa |Jaipur |
Salaya,Salaya |
Ranipet,Ranipet |
Kalyan Dombivali,Kalyan |Dombivali |
Nandivaram Guduvancheri,Nandivaram |Guduvancheri |
Nehtaur,Nehtaur |
Chatra,Chatra |
Pondicherry,Pondicherry |
Sheopur,Sheopur |
Kendujhar,Kendujhar |
Shahpura,Shahpura |
Mundargi,Mundargi |
Chilakaluripet,Chilakaluripet |
Raver,Raver |
Jalandhar,Jalandhar |
Taliparamba,Taliparamba |
Kadiri,Kadiri |
Rath,Rath |
Palacole,Palacole |
Bhopal,Bhopal |
Narnaul,Narnaul |
Rajgarh,Rajgarh |
Pandua,Pandua |
Lumding,Lumding |
mumbai,mumbai |bombay |
Sardhana,Sardhana |
Solan,Solan |
Deoghar,Deoghar |
Shivpuri,Shivpuri |
Brahmapur,Brahmapur |
Rajgir,Rajgir |
Adilabad,Adilabad |
Pilkhuwa,Pilkhuwa |
Hisar,Hisar |
Pappinisseri,Pappinisseri |
Obra,Obra |
Valsad,Valsad |
Srinagar,Srinagar |
Kamareddy,Kamareddy |
Ratnagiri,Ratnagiri |
Ajmer,Ajmer |
Kagaznagar,Kagaznagar |
Bhatapara,Bhatapara |
Pollachi,Pollachi |
Mhow Cantonment,Mhow |Cantonment |
Kharagpur,Kharagpur |
Gwalior,Gwalior |
Mulbagal,Mulbagal |
Puranpur,Puranpur |
Madhya Pradesh,MP |
Shajapur,Shajapur |
Sira,Sira |
kochi,kochi |
Bheemunipatnam,Bheemunipatnam |
Jammu,Jammu |
Puliyankudi,Puliyankudi |
Jehanabad,Jehanabad |
Uchgaon,Uchgaon |
Firozpur,Firozpur |
Kasaragod,Kasaragod |
Sedam,Sedam |
Shahganj,Shahganj |
Samdhan,Samdhan |
Goalpara,Goalpara |
Mundi,Mundi |
Pulgaon,Pulgaon |
Thiruvarur,Thiruvarur |
Uran,Uran |
Davanagere,Davanagere |
Pudukkottai,Pudukkottai |
Ramdurg,Ramdurg |
Taki,Taki |
Utraula,Utraula |
Adyar,Adyar |
Mancherial,Mancherial |
Shoranur,Shoranur |
Malda,Malda |
North Lakhimpur,North Lakhimpur |
Rajula,Rajula |
Visnagar,Visnagar |
Mavoor,Mavoor |
Mattannur,Mattannur |
Sironj,Sironj |
Phulera,Phulera |
Nagaon,Nagaon |
Ramanathapuram,Ramanathapuram |
Murliganj,Murliganj |
Shillong,Shillong |
Pen,Pen |
Barmer,Barmer |
Raikot,Raikot |
Makrana,Makrana |
Jalpaiguri,Jalpaiguri |
Rawatsar,Rawatsar |
Makhdumpur,Makhdumpur |
Dimapur,Dimapur |
Sujanpur,Sujanpur |
Rampur,Rampur |
Rajpipla,Rajpipla |
Waghala,Waghala |
Kendrapara,Kendrapara |
Gurgaon,Gurgaon |
Purulia,Purulia |
Ludhiana,Ludhiana |
Jodhpur,Jodhpur |
Satna,Satna |
Sindhagi,Sindhagi |
Khambhat,Khambhat |
Belonia,Belonia |
Adra,Adra |
Siana,Siana |
Nashik,Nashik |
Kunnamkulam,Kunnamkulam |
Palia Kalan,Palia |Kalan |
Sirohi,Sirohi |
udaipur,udaipur |rajasthan |
Sadulshahar,Sadulshahar |
Mangalvedhe,Mangalvedhe |
Seohara,Seohara |
Polur,Polur |
Kaithal,Kaithal |
Sawantwadi,Sawantwadi |
Bhiwandi,Bhiwandi |
Pratapgarh,Pratapgarh |
Sindagi,Sindagi |
Kalimpong,Kalimpong |
Vrindavan,Vrindavan |
Kapadvanj,Kapadvanj |
Bodhan,Bodhan |
Lonar,Lonar |
Nellore,Nellore |
Fatehabad,Fatehabad |
Mihijam,Mihijam |
Godhra,Godhra |
Hansi,Hansi |
Zirakpur,Zirakpur |
Morena,Morena |
Padmanabhapuram,Padmanabhapuram |
Usilampatti,Usilampatti |
Habra,Habra |
Shikohabad,Shikohabad |
Sandila,Sandila |
Kadapa,Kadapa |
Vijayapura,Vijayapura |
Tirunelveli,Tirunelveli |
Talwara,Talwara |
Sarni,Sarni |
Prithvipur,Prithvipur |
Rehli,Rehli |
Singrauli,Singrauli |
Thanjavur,Thanjavur |
Sausar,Sausar |
Tarn Taran,Tarn |Taran |
Thodupuzha,Thodupuzha |
Aizawl,Aizawl |
Saidpur,Saidpur |
Bhilai Nagar,Bhilai |Bhilai Nagar |
Jhansi,Jhansi |
Koyilandy,Koyilandy |
Kavali,Kavali |
Sattenapalle,Sattenapalle |
Samana,Samana |
Ramganj Mandi,Ramganj |Ramganj Mandi |
Udgir,Udgir |
Wai,Wai |
Siddipet,Siddipet |
Urmar Tanda,Urmar |Tanda |
Seoni Malwa,Seoni |Malwa |
Nangal,Nangal |
Tumsar,Tumsar |
Barbil,Barbil |
Parasi,Parasi |
Shamgarh,Shamgarh |
Bhilwara,Bhilwara |
Punalur,Punalur |
Repalle,Repalle |
Mandsaur,Mandsaur |
Porsa,Porsa |
Saiha,Saiha |
Tittakudi,Tittakudi |
Srikalahasti,Srikalahasti |
Varkala,Varkala |
Sherkot,Sherkot |
Silvassa,Silvassa |
Bhavnagar,Bhavnagar |
Arambagh,Arambagh |
Mariani,Mariani |
Suri,Suri |
Zunheboto,Zunheboto |
Sadabad,Sadabad |
Baleshwar Town,Baleshwar | Baleshwar Town|
bengaluru,bengaluru |bangalore |
Tirupati,Tirupati |
Warangal,Warangal |
Gobichettipalayam,Gobichettipalayam |
Yerraguntla,Yerraguntla |
Chikkamagaluru,Chikkamagaluru |
Sitarganj,Sitarganj |
Virudhunagar,Virudhunagar |
Tumkur,Tumkur |
Tikamgarh,Tikamgarh |
Nawada,Nawada |
chandigarh,chandigarh |
Sinnar,Sinnar |
Ballari,Ballari |
Begusarai,Begusarai |
Shujalpur,Shujalpur |
Vikramasingapuram,Vikramasingapuram |
Rajauri,Rajauri |
Dumka,Dumka |
Sailu,Sailu |
Thakurdwara,Thakurdwara |
Bhuj,Bhuj |
Sunam,Sunam |
Parvathipuram,Parvathipuram |
Sangaria,Sangaria |
Hapur,Hapur |
Udumalaipettai,Udumalaipettai |
Gobindgarh,Gobindgarh |
Osmanabad,Osmanabad |
Ramanagaram,Ramanagaram |
Silchar,Silchar |
Savarkundla,Savarkundla |
Wankaner,Wankaner |
Bargarh,Bargarh |
Fazilka,Fazilka |
Rajakhera,Rajakhera |
Chirmiri,Chirmiri |
Vaikom,Vaikom |
Samalkot,Samalkot |
Mehkar,Mehkar |
Phusro,Phusro |
Rajahmundry,Rajahmundry |
Manglaur,Manglaur |
Shahbad,Shahbad |
Neyveli,Neyveli |
Sagwara,Sagwara |
Margherita,Margherita |
Kadi,Kadi |
Sri Madhopur,Sri Madhopur |Madhopur |
Sankeshwara,Sankeshwara |
Kanhangad,Kanhangad |
Umarkhed,Umarkhed |
Ponnani,Ponnani |
Nohar,Nohar |
Rameshwaram,Rameshwaram |
Uthiramerur,Uthiramerur |
Terdal,Terdal |
Mandamarri,Mandamarri |
Tharangambadi,Tharangambadi |
Kottayam,Kottayam |
Prantij,Prantij |
Jagraon,Jagraon |
Nadbai,Nadbai |
Adalaj,Adalaj |
Panagudi,Panagudi |
Maharajganj,Maharajganj |
Araria,Araria |
Thrissur,Thrissur |
Yawal,Yawal |
Malout,Malout |
Dumraon,Dumraon |
Ramtek,Ramtek |
Sidlaghatta,Sidlaghatta |
Zira,Zira |
Rayagada,Rayagada |
Tenkasi,Tenkasi |
Bhabua,Bhabua |
Soro,Soro |
Lanka,Lanka |
Tenali,Tenali |
Mussoorie,Mussoorie |
Sahibganj,Sahibganj |
Multai,Multai |
Paravoor,Paravoor |
Paschim Punropara,Punropara |
Chandigarh,Chandigarh |
Purquazi,Purquazi |
Gaya,Gaya |
Coal Dhanbad,Coal |Dhanbad |
Vijainagar Ajmer,Vijainagar |Ajmer |
Panna,Panna |
Udhampur,Udhampur |
Bilaspur,Bilaspur |
Renukoot,Renukoot |
Pinjore,Pinjore |
Palanpur,Palanpur |
Pardi,Pardi |
Talikota,Talikota |
Lunglei,Lunglei |
Pithampur,Pithampur |
Rishikesh,Rishikesh |
Mauganj,Mauganj |
Ranebennuru,Ranebennuru |
Mandawa,Mandawa |
Sikandra Rao,Sikandra |Sikandra Rao |
Vaniyambadi,Vaniyambadi |
Kolar,Kolar |
Amalner,Amalner |
Vaijapur,Vaijapur |
Vijaypur,Vijaypur |
Naila Janjgir,Naila |Janjgir |
Alirajpur,Alirajpur |
Mira Bhayandar,Mira |Bhayandar |
Rajagangapur,Rajagangapur |
Jaggaiahpet,Jaggaiahpet |
Orai,Orai |
Mandalgarh,Mandalgarh |
Roorkee,Roorkee |
Mangrol,Mangrol |
Arvi,Arvi |
Rahuri,Rahuri |
Ponnur,Ponnur |
Malaj Khand,Malaj Khand |
Mysore,Mysore |
Thane,Thane |
Nedumangad,Nedumangad |
Pihani,Pihani |
Jabalpur,Jabalpur |
Sonepur,Sonepur |
Tiruppur,Tiruppur |
Manendragarh,Manendragarh |
Nandgaon,Nandgaon |
Patur,Patur |
Pakaur,Pakaur |
Suriyampalayam,Suriyampalayam |
Gudur,Gudur |
Theni Allinagaram,Theni |Allinagaram |
Tezpur,Tezpur |
Bageshwar,Bageshwar |
Peringathur,Peringathur |
Yanam,Yanam |
Ambejogai,Ambejogai |
Kailasahar,Kailasahar |
Lonavla,Lonavla |
Talaja,Talaja |
Yamunanagar,Yamunanagar |
Kharar,Kharar |
Unnao,Unnao |
Palasa Kasibugga,Palasa |Kasibugga |
Kalpi,Kalpi |
Tiruttani,Tiruttani |
Pachora,Pachora |
Dhubri,Dhubri |
Pilibanga,Pilibanga |
Sangole,Sangole |
Shanti Leh,Shanti |Leh |
Bhongir,Bhongir |
Sultanpur,Sultanpur |
Samastipur,Samastipur |
Panchla,Panchla |
Manachanallur,Manachanallur |
Umbergaon,Umbergaon |
Chirkunda,Chirkunda |
Mount Abu,Mount Abu |
Raghunathganj,Raghunathganj |
Murwara Katni,Murwara |Katni |
Mahuva,Mahuva |
Darbhanga,Darbhanga |
Nasirabad,Nasirabad |
Kodungallur,Kodungallur |
Surat,Surat |
Hoshiarpur,Hoshiarpur |
Pathankot,Pathankot |
Qadian,Qadian |
Tadepalligudem,Tadepalligudem |
Pudupattinam,Pudupattinam |
Narasaraopet,Narasaraopet |
Rudrapur,Rudrapur |
Koratla,Koratla |
Nizamabad,Nizamabad |
Monoharpur,Monoharpur |
Raisen,Raisen |
Shishgarh,Shishgarh |
Mathabhanga,Mathabhanga |
Raayachuru,Raayachuru |
Jharsuguda,Jharsuguda |
Rairangpur,Rairangpur |
Ramnagar,Ramnagar |
Sawai Madhopur,Sawai |Madhopur |
Mudhol,Mudhol |
Visakhapatnam,Visakhapatnam |
Umreth,Umreth |
Satana,Satana |
Rajpura,Rajpura |
Guruvayoor,Guruvayoor |
Agra,Agra |
Vadgaon Kasba,Vadgaon |Kasba |
Piro,Piro |
Pavagada,Pavagada |
Beed,Beed |
Muddebihal,Muddebihal |
Nalbari,Nalbari |
Pacode,Pacode |
Wara Seoni,Wara |Seoni |
Uthamapalayam,Uthamapalayam |
Adoni,Adoni |
Parangipettai,Parangipettai |
Phillaur,Phillaur |
Vadnagar,Vadnagar |
Viramgam,Viramgam |
Soron,Soron |
Kolkata,Kolkata |
Mavelikkara,Mavelikkara |
Mandi,Mandi |
Nagla,Nagla |
Narkatiaganj,Narkatiaganj |
Wadi,Wadi |
Coimbatore,Coimbatore |
Shrirangapattana,Shrirangapattana |
Rajkot,Rajkot |
Renigunta,Renigunta |
Naraura,Naraura |
Radhanpur,Radhanpur |
Samthar,Samthar |
Yevla,Yevla |
Thoubal,Thoubal |
Marmagao,Marmagao |
Amravati,Amravati |
Lakheri,Lakheri |
Rajnandgaon,Rajnandgaon |
Surandai,Surandai |
Suar,Suar |
Nagina,Nagina |
Hazaribag,Hazaribag |
Ashok Nagar,Ashok |Nagar |
Anantapur,Anantapur |
Noorpur,Noorpur |
Maddur,Maddur |
PNPatti,PNPatti |
Pattamundai,Pattamundai |
Montage,Montage |
Musabani,Musabani |
Anakapalle,Anakapalle |
Raiganj,Raiganj |
Cuttack,Cuttack |
Alappuzha,Alappuzha |
Sherghati,Sherghati |
Vadakkuvalliyur,Vadakkuvalliyur |
Markapur,Markapur |
Raurkela,Raurkela |
Barpeta,Barpeta |
Maharajpur,Maharajpur |
Puttur,Puttur |
Navsari,Navsari |
Hyderabad,Hyderabad |
Pandhurna,Pandhurna |
Dharmanagar,Dharmanagar |
Ron,Ron |
Navalgund,Navalgund |
Tilda Newra,Tilda |Newra |
Sattur,Sattur |
Vishnupad Gaya,Vishnupad |Gaya |
Vatakara,Vatakara |
Sohagpur,Sohagpur |
Punch,Punch |
Magadi,Magadi |
Athni,Athni |
Barh,Barh |
Macherla,Macherla |
Dhanbad,Dhanbad |
Ratlam,Ratlam |
Sheikhpura,Sheikhpura |
Morshi,Morshi |
Firozabad,Firozabad |
Rampura Phul,Rampura |Phul |
Mhaswad,Mhaswad |
Haldwani Kathgodam,Haldwani |Kathgodam |
Farooqnagar,Farooqnagar |
Sillod,Sillod |
Supaul,Supaul |
Khammam,Khammam |
Anantnag,Anantnag |
Lilong,Lilong |
Lalsot,Lalsot |
Zaidpur,Zaidpur |
Pernampattu,Pernampattu |
Nowgong,Nowgong |
Una,Una |
Srinivaspur,Srinivaspur |
Ranchi,Ranchi |
Palani,Palani |
Songadh,Songadh |
Pune,Pune |
Punjaipugalur,Punjaipugalur |
Sheohar,Sheohar |
Shimla,Shimla |
Lalitpur,Lalitpur |
Manvi,Manvi |
Salem,Salem |
Changanassery,Changanassery |
Sihora,Sihora |
Paithan,Paithan |
Jorhat,Jorhat |
Baramula,Baramula |
patna,patna |
Panniyannur,Panniyannur |
Malkangiri,Malkangiri |
Shirpur Warwade,Shirpur |Warwade |
Nandyal,Nandyal |
Allahabad,Allahabad |
Pasighat,Pasighat |
Anjar,Anjar |
Chaibasa,Chaibasa |
Laharpur,Laharpur |
Mahad,Mahad |
Panipat,Panipat |
Sindhnur,Sindhnur |
Bellampalle,Bellampalle |
Silapathar,Silapathar |
Sikar,Sikar |
Nanpara,Nanpara |
Narayanpet,Narayanpet |
Asarganj,Asarganj |
Limbdi,Limbdi |
Sikandrabad,Sikandrabad |
Naugachhia,Naugachhia |
Tiruchendur,Tiruchendur |
Tadpatri,Tadpatri |
Bahadurgarh,Bahadurgarh |
Nilanga,Nilanga |
Ongole,Ongole |
Parbhani,Parbhani |
Pithapuram,Pithapuram |
Nimbahera,Nimbahera |
Karwar,Karwar |
Namagiripettai,Namagiripettai |
Mumbai,Mumbai |
Kapurthala,Kapurthala |
Nakur,Nakur |
Ponneri,Ponneri |
Kollam,Kollam |
indore,indore |
Ramachandrapuram,Ramachandrapuram |
Lalganj,Lalganj |
Sambalpur,Sambalpur |
Periyasemur,Periyasemur |
Sholingur,Sholingur |
Ambikapur,Ambikapur |
Madhupur,Madhupur |
Jammalamadugu,Jammalamadugu |
Sehore,Sehore |
Hubli Dharwad,Hubli |Dharwad |
Nautanwa,Nautanwa |
Raipur,Raipur |
Rae Bareli,Rae Bareli |Bareli |
Sabalgarh,Sabalgarh |
Yellandu,Yellandu |
Pilani,Pilani |
Vadalur,Vadalur |
Lakshmeshwar,Lakshmeshwar |
Dhenkanal,Dhenkanal |
Manmad,Manmad |
Medininagar Daltonganj,Medininagar |Daltonganj |
Shahjahanpur,Shahjahanpur |
Bobbili,Bobbili |
Malerkotla,Malerkotla |
Padrauna,Padrauna |
Sanand,Sanand |
Sircilla,Sircilla |
Byasanagar,Byasanagar |
Raisinghnagar,Raisinghnagar |
Tilhar,Tilhar |
Naidupet,Naidupet |
Anjangaon,Anjangaon |
Jangaon,Jangaon |
Jhargram,Jhargram |
Pachore,Pachore |
Taranagar,Taranagar |
Guntur,Guntur |
Manjlegaon,Manjlegaon |
Medak,Medak |
Mandya,Mandya |
Lar,Lar |
Kannur,Kannur |
Warora,Warora |
Longowal,Longowal |
Saharsa,Saharsa |
Nabha,Nabha |
Mukhed,Mukhed |
Suratgarh,Suratgarh |
Sullurpeta,Sullurpeta |
Mirganj,Mirganj |
Risod,Risod |
Shenkottai,Shenkottai |
Sambhar,Sambhar |
Darjiling,Darjiling |
Itarsi,Itarsi |
Gadwal,Gadwal |
Akola,Akola |
Dhoraji,Dhoraji |
Wokha,Wokha |
Vasai,Vasai |
Neyyattinkara,Neyyattinkara |
Srivilliputhur,Srivilliputhur |
Vijayawada,Vijayawada |
Belagavi,Belagavi |
Chirala,Chirala |
Tundla,Tundla |
Jamshedpur,Jamshedpur |
Suryapet,Suryapet |
Perinthalmanna,Perinthalmanna |
Sathyamangalam,Sathyamangalam |
Siwan,Siwan |
Aligarh,Aligarh |
Raxaul Bazar,Raxaul |Raxaul Bazar |
Silao,Silao |
Lakhimpur,Lakhimpur |
koramangala,koramangala